element,sp_num,obs_wl_air(A),unc_obs_wl,Grade,blank,intensity,intensity flags,Use
Xe,4,2000.36,0.01,,,4.0,,N
Xe,3,2001.085,0.05,,,1.0,,N
Xe,3,2006.317,0.05,,,4.0,,N
Xe,3,2013.859,0.05,,,8.0,,N
Xe,4,2014.27,0.01,,,6.0,,N
Xe,3,2016.174,0.05,,,2.0,,N
Xe,3,2017.911,0.05,,,2.0,,N
Xe,3,2018.714,0.05,,,5.0,,N
Xe,3,2020.914,0.05,,,6.0,,N
Xe,8,2021.0,0.6,,,-99.0,--,N
Xe,2,2021.14,0.1,,,1.0,,N
Xe,3,2021.304,0.05,,,2.0,,N
Xe,5,2024.35,0.01,,,2.0,,N
Xe,4,2026.06,0.01,,,11.0,,N
Xe,3,2026.062,0.05,,,10.0,,N
Xe,3,2029.023,0.05,,,8.0,,N
Xe,3,2029.216,0.05,,,9.0,,N
Xe,5,2029.75,0.01,,,8.0,,N
Xe,4,2030.81,0.01,,,1.0,,N
Xe,3,2031.996,0.05,,,8.0,,N
Xe,5,2032.56,0.01,,,6.0,,N
Xe,2,2036.16,0.1,,,0.0,a,N
Xe,3,2037.67,0.05,,,7.0,,N
Xe,3,2038.394,0.05,,,6.0,,N
Xe,3,2039.314,0.05,,,7.0,,N
Xe,2,2040.42,0.1,,,0.0,,N
Xe,5,2040.86,0.01,,,5.0,,N
Xe,4,2041.08,0.01,,,9.0,,N
Xe,3,2041.276,0.05,,,1.0,,N
Xe,4,2041.5,0.01,,,8.0,,N
Xe,3,2043.286,0.05,,,2.0,,N
Xe,2,2043.46,0.1,,,0.0,a,N
Xe,3,2044.43,0.05,,,1.0,,N
Xe,4,2046.16,0.01,,,10.0,,N
Xe,3,2046.555,0.05,,,8.0,,N
Xe,4,2050.42,0.01,,,9.0,,N
Xe,3,2051.875,0.05,,,7.0,,N
Xe,3,2052.166,0.05,,,5.0,,N
Xe,3,2052.729,0.05,,,8.0,,N
Xe,2,2053.697,0.01,,,0.0,,N
Xe,4,2054.44,0.01,,,9.0,,N
Xe,3,2055.034,0.05,,,6.0,,N
Xe,6,2055.6,0.6,,,-99.0,*,N
Xe,6,2055.6,0.6,,,-99.0,*,N
Xe,3,2060.385,0.05,,,0.0,,N
Xe,4,2060.7,0.01,,,4.0,,N
Xe,3,2060.702,0.05,,,3.0,,N
Xe,4,2063.05,0.01,,,1.0,*,N
Xe,4,2063.05,0.01,,,1.0,*,N
Xe,2,2065.55,0.1,,,0.0,,N
Xe,3,2067.175,0.05,,,9.0,,N
Xe,3,2067.384,0.05,,,7.0,,N
Xe,2,2068.33,0.1,,,0.0,a,N
Xe,2,2069.95,0.1,,,0.0,,N
Xe,3,2072.247,0.05,,,0.0,,N
Xe,3,2072.866,0.05,,,7.0,,N
Xe,3,2075.09,0.05,,,7.0,,N
Xe,2,2076.32,0.1,,,1.0,,N
Xe,3,2077.61,0.05,,,0.0,,N
Xe,3,2079.995,0.05,,,5.0,,N
Xe,4,2081.93,0.01,,,11.0,,N
Xe,3,2083.088,0.05,,,6.0,,N
Xe,3,2084.461,0.05,,,2.0,,N
Xe,3,2084.598,0.05,,,9.0,,N
Xe,4,2084.6,0.01,,,9.0,,N
Xe,4,2086.63,0.01,,,9.0,*,N
Xe,4,2086.63,0.01,,,9.0,*,N
Xe,8,2087.3,0.5,,,-99.0,--,N
Xe,5,2089.12,0.01,,,1.0,,N
Xe,3,2090.225,0.05,,,7.0,,N
Xe,4,2090.47,0.01,,,7.0,,N
Xe,3,2091.996,0.05,,,9.0,,N
Xe,3,2093.862,0.05,,,5.0,,N
Xe,4,2094.04,0.01,,,1.0,,N
Xe,3,2095.126,0.05,,,6.0,,N
Xe,3,2095.35,0.05,,,3.0,,N
Xe,3,2096.57,0.05,,,9.0,,N
Xe,4,2097.78,0.01,,,6.0,,N
Xe,4,2098.4,0.01,,,12.0,,N
Xe,3,2099.545,0.05,,,0.0,,N
Xe,2,2102.84,0.1,,,0.0,,N
Xe,3,2106.534,0.05,,,1.0,,N
Xe,2,2108.24,0.1,,,0.0,a,N
Xe,4,2108.42,0.01,,,12.0,,N
Xe,3,2114.762,0.05,,,7.0,,N
Xe,2,2117.21,0.1,,,1.0,,N
Xe,3,2118.036,0.05,,,9.0,,N
Xe,4,2118.45,0.01,,,11.0,,N
Xe,4,2118.58,0.01,,,11.0,,N
Xe,2,2120.61,0.1,,,1.0,,N
Xe,4,2121.38,0.01,,,8.0,,N
Xe,8,2122.2,0.5,,,-99.0,--,N
Xe,3,2122.205,0.05,,,2.0,,N
Xe,4,2122.5,0.01,,,9.0,,N
Xe,4,2123.05,0.01,,,9.0,,N
Xe,3,2123.163,0.05,,,4.0,,N
Xe,5,2123.69,0.01,,,8.0,,N
Xe,4,2123.82,0.01,,,6.0,,N
Xe,5,2124.25,0.01,,,4.0,,N
Xe,2,2124.73,0.1,,,2.0,,N
Xe,3,2128.473,0.05,,,1.0,,N
Xe,4,2128.48,0.01,,,1.0,,N
Xe,2,2128.73,0.1,,,1.0,,N
Xe,4,2129.96,0.01,,,1.0,,N
Xe,3,2130.809,0.05,,,3.0,,N
Xe,4,2131.71,0.01,,,5.0,,N
Xe,4,2133.34,0.01,,,10.0,,N
Xe,6,2134.9,0.5,,,-99.0,--,N
Xe,3,2138.432,0.05,,,9.0,,N
Xe,2,2138.85,0.1,,,1.0,,N
Xe,5,2138.99,0.01,,,5.0,,N
Xe,3,2139.236,0.05,,,6.0,,N
Xe,3,2139.375,0.05,,,7.0,*,N
Xe,3,2139.375,0.05,,,7.0,*,N
Xe,3,2142.129,0.05,,,2.0,,N
Xe,2,2142.25,0.1,,,0.0,,N
Xe,4,2144.01,0.01,,,13.0,,N
Xe,3,2144.189,0.05,,,0.0,,N
Xe,5,2145.16,0.01,,,9.0,,N
Xe,2,2146.31,0.1,,,0.0,,N
Xe,3,2147.683,0.05,,,7.0,,N
Xe,4,2150.91,0.01,,,8.0,,N
Xe,2,2153.08,0.1,,,0.0,a,N
Xe,4,2153.64,0.01,,,9.0,,N
Xe,4,2154.9,0.01,,,12.0,,N
Xe,8,2154.9,0.6,,,-99.0,--,N
Xe,2,2154.9,0.1,,,1.0,,N
Xe,3,2156.896,0.05,,,8.0,,N
Xe,3,2158.96,0.01,,,1.0,,N
Xe,3,2159.33,0.01,,,0.0,u,N
Xe,3,2160.935,0.05,,,7.0,,N
Xe,3,2165.526,0.05,,,3.0,*,N
Xe,3,2165.526,0.05,,,3.0,*,N
Xe,2,2166.05,0.1,,,1.0,,N
Xe,2,2167.84,0.1,,,1.0,,N
Xe,2,2170.4,0.1,,,1.0,,N
Xe,7,2170.5,0.5,,,-99.0,--,N
Xe,4,2170.99,0.01,,,3.0,,N
Xe,2,2171.64,0.1,,,2.0,,N
Xe,3,2172.779,0.05,,,9.0,,N
Xe,4,2173.82,0.01,,,9.0,,N
Xe,2,2176.23,0.1,,,2.0,,N
Xe,2,2178.25,0.1,,,0.0,,N
Xe,3,2179.684,0.05,,,7.0,,N
Xe,5,2184.69,0.01,,,8.0,,N
Xe,3,2185.017,0.05,,,3.0,,N
Xe,4,2185.26,0.01,,,10.0,,N
Xe,4,2186.41,0.01,,,11.0,,N
Xe,4,2187.09,0.01,,,11.0,,N
Xe,4,2188.14,0.01,,,9.0,,N
Xe,3,2189.828,0.05,,,12.0,w,N
Xe,4,2189.83,0.01,,,11.0,,N
Xe,4,2191.24,0.01,,,3.0,,N
Xe,3,2192.428,0.05,,,1.0,,N
Xe,3,2192.78,0.01,,,0.0,,N
Xe,2,2192.78,0.1,,,0.0,,N
Xe,2,2193.48,0.1,,,1.0,*,N
Xe,2,2193.48,0.1,,,1.0,*,N
Xe,4,2194.12,0.01,,,4.0,,N
Xe,3,2194.292,0.05,,,1.0,,N
Xe,3,2197.801,0.05,,,10.0,,N
Xe,3,2198.583,0.05,,,1.0,,N
Xe,3,2199.287,0.05,,,6.0,,N
Xe,3,2199.514,0.05,,,6.0,,N
Xe,3,2202.695,0.05,,,7.0,,N
Xe,3,2203.682,0.05,,,0.0,,N
Xe,3,2204.2,0.01,,,2.0,,N
Xe,3,2204.333,0.05,,,5.0,,N
Xe,3,2205.51,0.01,,,2.0,,N
Xe,2,2208.24,0.1,,,3.0,,N
Xe,4,2208.56,0.01,,,7.0,,N
Xe,3,2210.42,0.05,,,9.0,,N
Xe,4,2212.08,0.01,,,3.0,,N
Xe,4,2213.13,0.01,,,9.0,,N
Xe,3,2213.799,0.05,,,0.0,,N
Xe,2,2214.37,0.1,,,3.0,,N
Xe,3,2214.382,0.05,,,9.0,*,N
Xe,3,2214.382,0.05,,,9.0,*,N
Xe,2,2215.58,0.1,,,2.0,,N
Xe,4,2219.22,0.01,,,3.0,,N
Xe,4,2220.34,0.01,,,12.0,,N
Xe,3,2220.544,0.05,,,2.0,,N
Xe,2,2222.76,0.1,,,3.0,,N
Xe,3,2223.64,0.05,,,5.0,,N
Xe,2,2224.29,0.1,,,0.0,*,N
Xe,2,2224.29,0.1,,,0.0,*,N
Xe,2,2224.59,0.1,,,2.0,,N
Xe,3,2225.071,0.05,,,9.0,,N
Xe,2,2225.99,0.1,,,2.0,,N
Xe,3,2227.588,0.05,,,3.0,,N
Xe,5,2228.33,0.01,,,3.0,,N
Xe,4,2229.91,0.01,,,8.0,,N
Xe,3,2230.419,0.05,,,6.0,*,N
Xe,3,2230.419,0.05,,,6.0,*,N
Xe,2,2230.79,0.1,,,1.0,h,N
Xe,3,2231.673,0.05,,,7.0,,N
Xe,2,2232.83,0.1,,,2.0,,N
Xe,8,2233.5,0.6,,,-99.0,--,N
Xe,2,2234.99,0.1,,,1.0,,N
Xe,8,2235.1,0.5,,,-99.0,--,N
Xe,3,2235.349,0.05,,,2.0,,N
Xe,2,2235.52,0.1,,,2.0,,N
Xe,2,2239.79,0.1,,,1.0,,N
Xe,4,2240.12,0.01,,,10.0,,N
Xe,4,2240.34,0.01,,,9.0,,N
Xe,2,2241.86,0.1,,,2.0,h,N
Xe,4,2242.15,0.01,,,8.0,,N
Xe,3,2243.97,0.05,,,11.0,,N
Xe,4,2244.5,0.01,,,10.0,*,N
Xe,4,2244.5,0.01,,,10.0,*,N
Xe,3,2245.28,0.05,,,8.0,,N
Xe,2,2245.61,0.1,,,1.0,,N
Xe,4,2246.64,0.01,,,1.0,,N
Xe,2,2247.17,0.1,,,1.0,,N
Xe,3,2247.335,0.05,,,5.0,,N
Xe,3,2247.556,0.05,,,6.0,,N
Xe,2,2248.22,0.1,,,1.0,,N
Xe,3,2249.63,0.05,,,0.0,,N
Xe,2,2249.86,0.1,,,4.0,,N
Xe,2,2254.74,0.1,,,1.0,,N
Xe,2,2256.56,0.1,,,1.0,h,N
Xe,2,2256.82,0.1,,,2.0,*,N
Xe,2,2256.82,0.1,,,2.0,*,N
Xe,3,2258.847,0.05,,,5.0,,N
Xe,2,2259.22,0.1,,,1.0,h,N
Xe,2,2261.33,0.1,,,0.0,,N
Xe,2,2262.95,0.1,,,2.0,,N
Xe,2,2264.2,0.1,,,2.0,,N
Xe,2,2264.99,0.1,,,3.0,,N
Xe,2,2265.62,0.1,,,3.0,h,N
Xe,2,2265.94,0.1,,,2.0,h,N
Xe,2,2266.8,0.1,,,3.0,h,N
Xe,2,2268.72,0.1,,,1.0,h,N
Xe,3,2268.923,0.05,,,4.0,,N
Xe,3,2271.055,0.05,,,8.0,,N
Xe,3,2271.382,0.05,,,11.0,w,N
Xe,3,2272.609,0.05,,,2.0,,N
Xe,2,2273.18,0.1,,,1.0,,N
Xe,2,2273.37,0.1,,,3.0,,N
Xe,3,2273.488,0.05,,,3.0,,N
Xe,3,2273.709,0.05,,,1.0,,N
Xe,4,2274.13,0.01,,,5.0,,N
Xe,3,2274.96,0.01,,,3.0,u,N
Xe,4,2279.76,0.01,,,1.0,,N
Xe,3,2281.13,0.01,,,2.0,,N
Xe,4,2281.22,0.01,,,7.0,,N
Xe,2,2282.6,0.1,,,0.0,bl,N
Xe,2,2283.14,0.1,,,5.0,,N
Xe,3,2283.828,0.05,,,5.0,,N
Xe,4,2283.96,0.01,,,9.0,,N
Xe,2,2285.24,0.1,,,2.0,h,N
Xe,2,2285.94,0.1,,,8.0,,N
Xe,3,2286.634,0.05,,,7.0,,N
Xe,4,2287.13,0.01,,,5.0,,N
Xe,4,2287.91,0.01,,,9.0,,N
Xe,2,2287.92,0.1,,,2.0,,N
Xe,3,2288.009,0.05,,,2.0,,N
Xe,4,2288.9,0.01,,,12.0,,N
Xe,4,2289.96,0.01,,,9.0,,N
Xe,3,2290.834,0.05,,,12.0,bl,N
Xe,2,2290.84,0.1,,,2.0,h,N
Xe,2,2292.01,0.1,,,2.0,bl,N
Xe,2,2292.4,0.1,,,20.0,,N
Xe,2,2294.57,0.1,,,15.0,,N
Xe,2,2296.52,0.1,,,30.0,,N
Xe,3,2298.54,0.05,,,1.0,,N
Xe,2,2299.36,0.1,,,2.0,h,N
Xe,2,2299.98,0.1,,,6.0,,N
Xe,3,2300.353,0.05,,,9.0,,N
Xe,3,2300.716,0.05,,,9.0,,N
Xe,3,2300.876,0.05,,,9.0,,N
Xe,3,2303.735,0.05,,,9.0,*,N
Xe,3,2303.735,0.05,,,9.0,*,N
Xe,2,2304.6,0.1,,,1.0,h,N
Xe,3,2305.502,0.05,,,5.0,*,N
Xe,3,2305.502,0.05,,,5.0,*,N
Xe,4,2306.19,0.01,,,1.0,,N
Xe,4,2306.58,0.01,,,10.0,,N
Xe,2,2307.28,0.1,,,3.0,,N
Xe,2,2308.15,0.1,,,3.0,,N
Xe,4,2308.31,0.01,,,7.0,,N
Xe,3,2309.922,0.05,,,7.0,,N
Xe,5,2311.04,0.01,,,4.0,,N
Xe,4,2311.42,0.01,,,3.0,,N
Xe,4,2311.48,0.01,,,13.0,,N
Xe,3,2312.276,0.05,,,11.0,,N
Xe,3,2313.392,0.05,,,12.0,,N
Xe,2,2313.7,0.1,,,5.0,,N
Xe,2,2314.21,0.1,,,1.0,bl*,N
Xe,2,2314.21,0.1,,,1.0,bl*,N
Xe,4,2314.4,0.01,,,2.0,,N
Xe,7,2314.9,0.5,,,-99.0,--,N
Xe,4,2315.56,0.01,,,1.0,,N
Xe,2,2316.27,0.1,,,2.0,,N
Xe,3,2316.583,0.05,,,10.0,,N
Xe,2,2316.8,0.1,,,10.0,,N
Xe,4,2318.22,0.01,,,1.0,,N
Xe,2,2319.7,0.1,,,7.0,,N
Xe,4,2320.6,0.01,,,1.0,,N
Xe,3,2320.992,0.05,,,5.0,,N
Xe,2,2321.54,0.1,,,0.0,,N
Xe,3,2323.455,0.05,,,3.0,,N
Xe,3,2326.369,0.05,,,0.0,,N
Xe,4,2327.05,0.01,,,5.0,,N
Xe,4,2331.4,0.01,,,0.0,,N
Xe,3,2333.555,0.05,,,7.0,,N
Xe,2,2335.42,0.1,,,2.0,h,N
Xe,4,2338.29,0.01,,,6.0,,N
Xe,3,2338.884,0.05,,,9.0,,N
Xe,3,2339.398,0.05,,,1.0,,N
Xe,4,2340.92,0.01,,,11.0,,N
Xe,2,2342.18,0.1,,,3.0,h,N
Xe,2,2344.47,0.1,,,12.0,,N
Xe,4,2345.28,0.01,,,6.0,,N
Xe,2,2350.1,0.1,,,0.0,a,N
Xe,3,2350.563,0.05,,,8.0,,N
Xe,2,2350.7,0.1,,,0.0,,N
Xe,2,2351.18,0.1,,,4.0,h,N
Xe,4,2351.44,0.01,,,6.0,,N
Xe,2,2351.56,0.1,,,4.0,h,N
Xe,2,2352.06,0.1,,,1.0,,N
Xe,2,2353.52,0.1,,,1.0,h,N
Xe,2,2353.89,0.1,,,1.0,h,N
Xe,3,2353.95,0.01,,,0.0,*,N
Xe,3,2353.95,0.01,,,0.0,*,N
Xe,3,2354.456,0.05,,,11.0,,N
Xe,4,2355.44,0.01,,,7.0,,N
Xe,2,2356.25,0.1,,,1.0,h,N
Xe,2,2356.72,0.1,,,4.0,h,N
Xe,3,2359.159,0.05,,,0.0,,N
Xe,2,2360.42,0.1,,,1.0,h,N
Xe,2,2362.9,0.1,,,0.0,bl,N
Xe,4,2364.13,0.01,,,4.0,,N
Xe,2,2364.13,0.1,,,0.0,,N
Xe,2,2364.63,0.1,,,0.0,,N
Xe,3,2365.416,0.05,,,14.0,,N
Xe,4,2365.55,0.01,,,4.0,,N
Xe,3,2366.115,0.05,,,12.0,,N
Xe,2,2368.68,0.1,,,5.0,,N
Xe,2,2369.03,0.1,,,0.0,,N
Xe,4,2369.38,0.01,,,1.0,,N
Xe,3,2369.595,0.05,,,18.0,bl,N
Xe,2,2369.62,0.1,,,4.0,h,N
Xe,4,2372.47,0.01,,,6.0,,N
Xe,4,2372.86,0.01,,,3.0,,N
Xe,4,2374.15,0.01,,,3.0,,N
Xe,3,2378.714,0.05,,,0.0,,N
Xe,2,2379.11,0.1,,,0.0,,N
Xe,3,2379.783,0.05,,,3.0,,N
Xe,3,2382.087,0.05,,,11.0,,N
Xe,3,2383.247,0.05,,,13.0,,N
Xe,4,2384.37,0.01,,,2.0,,N
Xe,3,2385.673,0.05,,,11.0,,N
Xe,2,2385.85,0.1,,,1.0,,N
Xe,3,2385.902,0.05,,,8.0,bl,N
Xe,2,2386.14,0.1,,,2.0,h,N
Xe,2,2387.75,0.1,,,4.0,,N
Xe,3,2388.573,0.05,,,11.0,,N
Xe,2,2391.1,0.1,,,2.0,,N
Xe,4,2391.96,0.01,,,4.0,,N
Xe,2,2392.33,0.1,,,2.0,h,N
Xe,3,2392.376,0.05,,,4.0,bl,N
Xe,3,2394.083,0.05,,,10.0,,N
Xe,4,2394.31,0.01,,,5.0,,N
Xe,3,2397.566,0.05,,,8.0,,N
Xe,2,2398.76,0.1,,,4.0,,N
Xe,3,2403.792,0.05,,,9.0,,N
Xe,8,2404.6,0.6,,,-99.0,--,N
Xe,2,2404.84,0.1,,,1.0,,N
Xe,2,2405.92,0.1,,,3.0,h,N
Xe,3,2406.0,0.01,,,0.0,,N
Xe,3,2406.229,0.05,,,1.0,,N
Xe,5,2409.59,0.01,,,11.0,,N
Xe,2,2409.74,0.1,,,40.0,,N
Xe,2,2410.72,0.1,,,7.0,,N
Xe,3,2412.505,0.05,,,6.0,,N
Xe,3,2414.104,0.05,,,2.0,,N
Xe,6,2414.2,0.8,,,-99.0,--,N
Xe,3,2414.23,0.05,,,4.0,,N
Xe,3,2414.544,0.05,,,9.0,,N
Xe,4,2415.61,0.01,,,9.0,,N
Xe,3,2416.72,0.01,,,3.0,*,N
Xe,3,2416.72,0.01,,,3.0,*,N
Xe,3,2418.744,0.05,,,8.0,,N
Xe,2,2419.5,0.1,,,0.0,,N
Xe,3,2419.74,0.05,,,7.0,,N
Xe,2,2420.87,0.1,,,2.0,bl,N
Xe,2,2421.27,0.1,,,20.0,h,N
Xe,2,2422.12,0.1,,,2.0,,N
Xe,4,2422.12,0.01,,,9.0,,N
Xe,3,2422.139,0.05,,,14.0,bl,N
Xe,3,2422.767,0.05,,,9.0,,N
Xe,2,2422.94,0.1,,,10.0,,N
Xe,3,2423.918,0.05,,,3.0,,N
Xe,2,2425.05,0.1,,,40.0,h,N
Xe,4,2428.97,0.01,,,10.0,,N
Xe,4,2431.07,0.01,,,6.0,,N
Xe,2,2432.72,0.1,,,12.0,,N
Xe,4,2433.59,0.01,,,9.0,,N
Xe,2,2435.47,0.1,,,6.0,,N
Xe,5,2435.82,0.01,,,2.0,,N
Xe,3,2436.491,0.05,,,12.0,,N
Xe,4,2438.08,0.01,,,2.0,,N
Xe,2,2438.76,0.1,,,1.0,-,N
Xe,3,2439.516,0.05,,,6.0,w,N
Xe,5,2441.49,0.01,,,14.0,bl,N
Xe,3,2441.523,0.05,,,11.0,,N
Xe,2,2441.6,0.1,,,2.0,h,N
Xe,5,2441.86,0.01,,,15.0,,N
Xe,2,2442.54,0.1,,,1.0,,N
Xe,2,2442.78,0.1,,,1.0,H,N
Xe,5,2443.37,0.01,,,10.0,,N
Xe,4,2446.08,0.01,,,8.0,,N
Xe,3,2446.503,0.05,,,8.0,,N
Xe,2,2446.79,0.1,,,0.0,,N
Xe,3,2447.083,0.05,,,10.0,,N
Xe,4,2447.64,0.01,,,9.0,*,N
Xe,4,2447.64,0.01,,,9.0,*,N
Xe,8,2448.9,0.6,,,-99.0,--,N
Xe,4,2450.9,0.01,,,8.0,,N
Xe,4,2451.37,0.01,,,9.0,,N
Xe,3,2452.644,0.05,,,11.0,,N
Xe,4,2459.75,0.01,,,3.0,,N
Xe,4,2462.66,0.01,,,5.0,,N
Xe,3,2463.061,0.05,,,10.0,,N
Xe,3,2463.557,0.05,,,10.0,,N
Xe,3,2464.555,0.05,,,2.0,,N
Xe,4,2465.75,0.01,,,5.0,,N
Xe,2,2466.6,0.1,,,2.0,h,N
Xe,8,2467.6,0.5,,,-99.0,--,N
Xe,3,2468.393,0.05,,,7.0,bl,N
Xe,2,2468.43,0.1,,,5.0,,N
Xe,2,2470.18,0.1,,,5.0,,N
Xe,4,2470.74,0.01,,,3.0,,N
Xe,3,2471.319,0.05,,,10.0,,N
Xe,3,2472.377,0.05,,,7.0,,N
Xe,5,2473.11,0.01,,,12.0,,N
Xe,4,2474.82,0.01,,,9.0,,N
Xe,2,2475.89,0.1,,,100.0,,N
Xe,3,2477.062,0.05,,,0.0,,N
Xe,2,2478.82,0.1,,,4.0,,N
Xe,3,2479.13,0.05,,,7.0,,N
Xe,2,2479.4,0.1,,,1.0,,N
Xe,3,2479.876,0.05,,,8.0,,N
Xe,3,2483.464,0.05,,,6.0,,N
Xe,3,2485.006,0.05,,,7.0,,N
Xe,5,2485.41,0.01,,,9.0,,N
Xe,3,2486.727,0.05,,,9.0,,N
Xe,8,2487.8,0.6,,,-99.0,--,N
Xe,2,2489.11,0.1,,,50.0,,N
Xe,2,2490.76,0.1,,,20.0,,N
Xe,2,2491.78,0.1,,,5.0,,N
Xe,4,2493.05,0.01,,,9.0,,N
Xe,4,2495.1,0.01,,,11.0,,N
Xe,4,2497.02,0.01,,,6.0,,N
Xe,4,2498.06,0.01,,,2.0,,N
Xe,3,2501.037,0.05,,,12.0,,N
Xe,4,2503.93,0.01,,,6.0,,N
Xe,3,2504.907,0.05,,,11.0,,N
Xe,4,2505.33,0.01,,,3.0,,N
Xe,3,2509.74,0.05,,,4.0,,N
Xe,2,2509.98,0.1,,,0.0,,N
Xe,3,2510.52,0.05,,,3.0,,N
Xe,3,2511.288,0.05,,,1.0,,N
Xe,3,2513.337,0.05,,,1.0,,N
Xe,5,2513.88,0.01,,,5.0,,N
Xe,3,2514.09,0.05,,,0.0,h,N
Xe,4,2514.69,0.01,,,6.0,,N
Xe,3,2515.117,0.05,,,6.0,,N
Xe,8,2516.8,0.8,,,-99.0,*,N
Xe,8,2516.8,0.8,,,-99.0,*,N
Xe,2,2517.06,0.1,,,1.0,,N
Xe,3,2521.428,0.05,,,5.0,,N
Xe,5,2522.04,0.01,,,1.0,,N
Xe,2,2523.67,0.1,,,0.0,,N
Xe,3,2523.967,0.05,,,7.0,,N
Xe,2,2523.97,0.1,,,1.0,,N
Xe,2,2524.46,0.1,,,3.0,,N
Xe,4,2524.92,0.01,,,1.0,,N
Xe,4,2525.51,0.01,,,3.0,,N
Xe,8,2526.4,0.8,,,-99.0,*,N
Xe,8,2526.4,0.8,,,-99.0,*,N
Xe,2,2526.79,0.1,,,12.0,,N
Xe,2,2526.98,0.1,,,12.0,,N
Xe,4,2529.58,0.01,,,3.0,,N
Xe,2,2530.18,0.1,,,2.0,,N
Xe,6,2530.6,0.8,,,-99.0,*,N
Xe,6,2530.6,0.8,,,-99.0,*,N
Xe,3,2533.318,0.05,,,7.0,,N
Xe,4,2534.18,0.01,,,1.0,,N
Xe,3,2536.868,0.05,,,7.0,,N
Xe,2,2538.02,0.1,,,3.0,h,N
Xe,5,2538.6,0.01,,,11.0,,N
Xe,3,2538.918,0.05,,,1.0,,N
Xe,3,2541.028,0.05,,,1.0,,N
Xe,3,2541.88,0.05,,,3.0,,N
Xe,3,2544.1,0.05,,,2.0,,N
Xe,3,2550.55,0.05,,,3.0,*,N
Xe,3,2550.55,0.05,,,3.0,*,N
Xe,2,2551.7,0.1,,,3.0,,N
Xe,2,2553.79,0.1,,,0.0,,N
Xe,2,2554.2,0.1,,,1.0,-,N
Xe,4,2559.94,0.01,,,10.0,,N
Xe,2,2561.48,0.1,,,2.0,,N
Xe,4,2564.13,0.01,,,12.0,,N
Xe,3,2568.81,0.05,,,9.0,*,N
Xe,3,2568.81,0.05,,,9.0,*,N
Xe,3,2570.26,0.05,,,5.0,,N
Xe,3,2572.33,0.05,,,7.0,*,N
Xe,3,2572.33,0.05,,,7.0,*,N
Xe,2,2572.93,0.1,,,0.0,*,N
Xe,2,2572.93,0.1,,,0.0,*,N
Xe,4,2572.93,0.01,,,10.0,,N
Xe,4,2573.36,0.01,,,2.0,,N
Xe,3,2574.61,0.05,,,2.0,,N
Xe,2,2576.97,0.1,,,15.0,,N
Xe,3,2578.37,0.05,,,13.0,,N
Xe,3,2578.62,0.05,,,9.0,,N
Xe,2,2584.88,0.1,,,1.0,,N
Xe,4,2589.03,0.01,,,1.0,,N
Xe,3,2590.42,0.05,,,12.0,,N
Xe,3,2591.24,0.05,,,8.0,,N
Xe,4,2591.24,0.01,,,6.0,,N
Xe,3,2591.69,0.05,,,10.0,,N
Xe,3,2594.53,0.05,,,7.0,,N
Xe,4,2594.83,0.01,,,1.0,,N
Xe,3,2595.03,0.05,,,7.0,a,N
Xe,2,2597.01,0.1,,,4.0,,N
Xe,2,2598.42,0.1,,,2.0,,N
Xe,3,2600.12,0.05,,,15.0,a,N
Xe,2,2605.54,0.1,,,50.0,,N
Xe,2,2606.93,0.1,,,5.0,,N
Xe,3,2607.5,0.05,,,7.0,bl,N
Xe,2,2607.52,0.1,,,1.0,,N
Xe,3,2608.33,0.01,,,0.0,,N
Xe,4,2608.33,0.01,,,2.0,,N
Xe,3,2608.9,0.05,,,6.0,,N
Xe,3,2610.57,0.05,,,5.0,,N
Xe,3,2611.03,0.05,,,1.0,,N
Xe,3,2613.99,0.05,,,1.0,,N
Xe,3,2615.4,0.01,,,1.0,,N
Xe,6,2616.2,0.8,,,-99.0,--,N
Xe,3,2616.63,0.05,,,1.0,,N
Xe,3,2616.9,0.05,,,0.0,,N
Xe,2,2617.14,0.1,,,0.0,,N
Xe,4,2619.7,0.01,,,11.0,,N
Xe,3,2619.85,0.05,,,8.0,w,N
Xe,2,2621.39,0.1,,,2.0,h,N
Xe,4,2621.78,0.01,,,11.0,,N
Xe,2,2623.17,0.1,,,2.0,,N
Xe,3,2624.52,0.05,,,4.0,,N
Xe,4,2626.98,0.01,,,9.0,,N
Xe,3,2626.98,0.05,,,7.0,,N
Xe,2,2629.54,0.1,,,5.0,h,N
Xe,2,2630.4,0.1,,,6.0,h,N
Xe,4,2633.39,0.01,,,5.0,,N
Xe,2,2633.88,0.1,,,2.0,,N
Xe,3,2634.21,0.05,,,13.0,,N
Xe,3,2637.54,0.05,,,3.0,,N
Xe,3,2639.15,0.05,,,9.0,,N
Xe,2,2640.54,0.1,,,1.0,,N
Xe,3,2641.13,0.05,,,2.0,,N
Xe,2,2648.83,0.1,,,1.0,,N
Xe,4,2650.91,0.01,,,3.0,,N
Xe,4,2651.58,0.01,,,13.0,,N
Xe,4,2652.17,0.01,,,10.0,,N
Xe,2,2655.39,0.1,,,2.0,h,N
Xe,2,2657.0,0.1,,,5.0,h,N
Xe,3,2658.27,0.05,,,9.0,,N
Xe,2,2659.28,0.1,,,1.0,h,N
Xe,3,2659.36,0.05,,,5.0,,N
Xe,3,2661.0,0.05,,,7.0,,N
Xe,2,2663.29,0.1,,,3.0,,N
Xe,5,2664.68,0.01,,,6.0,,N
Xe,4,2665.13,0.01,,,10.0,,N
Xe,3,2667.94,0.05,,,10.0,a,N
Xe,2,2668.02,0.1,,,5.0,,N
Xe,3,2669.01,0.05,,,20.0,*,N
Xe,3,2669.01,0.05,,,20.0,*,N
Xe,3,2670.25,0.05,,,6.0,,N
Xe,2,2670.68,0.1,,,1.0,,N
Xe,4,2670.79,0.01,,,5.0,,N
Xe,2,2672.22,0.1,,,4.0,,N
Xe,3,2678.55,0.05,,,6.0,*,N
Xe,3,2678.55,0.05,,,6.0,*,N
Xe,4,2679.99,0.01,,,11.0,,N
Xe,2,2683.72,0.1,,,0.0,,N
Xe,3,2685.51,0.05,,,5.0,,N
Xe,2,2686.14,0.1,,,3.0,h,N
Xe,3,2687.03,0.05,,,5.0,,N
Xe,3,2691.22,0.05,,,4.0,,N
Xe,3,2691.44,0.05,,,12.0,a,N
Xe,2,2691.53,0.1,,,1.0,,N
Xe,4,2691.74,0.01,,,4.0,,N
Xe,5,2691.74,0.01,,,15.0,w,N
Xe,3,2694.12,0.05,,,5.0,,N
Xe,3,2695.65,0.05,,,3.0,*,N
Xe,3,2695.65,0.05,,,3.0,*,N
Xe,4,2695.87,0.01,,,9.0,,N
Xe,3,2696.51,0.05,,,15.0,bl*,N
Xe,3,2696.51,0.05,,,15.0,bl*,N
Xe,4,2697.51,0.01,,,13.0,,N
Xe,2,2698.39,0.1,,,0.0,,N
Xe,3,2701.5,0.05,,,5.0,,N
Xe,3,2701.71,0.05,,,0.0,,N
Xe,2,2702.22,0.1,,,2.0,,N
Xe,3,2702.31,0.05,,,2.0,,N
Xe,2,2703.44,0.1,,,10.0,,N
Xe,3,2704.41,0.05,,,3.0,,N
Xe,2,2705.38,0.1,,,0.0,,N
Xe,4,2706.73,0.01,,,10.0,,N
Xe,3,2708.45,0.05,,,12.0,,N
Xe,4,2709.97,0.01,,,1.0,,N
Xe,8,2710.6,0.8,,,-99.0,--,N
Xe,3,2710.94,0.05,,,6.0,,N
Xe,2,2711.02,0.1,,,1.0,h,N
Xe,3,2711.34,0.05,,,0.0,,N
Xe,4,2711.9,0.01,,,1.0,,N
Xe,2,2712.17,0.1,,,1.0,,N
Xe,3,2713.39,0.05,,,10.0,a,N
Xe,3,2714.05,0.05,,,2.0,,N
Xe,2,2715.76,0.1,,,3.0,,N
Xe,3,2717.35,0.01,,,30.0,,N
Xe,3,2718.1,0.05,,,2.0,,N
Xe,2,2718.79,0.1,,,1.0,-,N
Xe,2,2721.28,0.1,,,1.0,-^,N
Xe,2,2723.4,0.1,,,1.0,^,N
Xe,4,2725.27,0.01,,,13.0,,N
Xe,2,2725.66,0.1,,,1.0,-,N
Xe,3,2725.69,0.05,,,1.0,wbl,N
Xe,3,2727.2,0.05,,,11.0,a,N
Xe,3,2728.2,0.05,,,9.0,,N
Xe,2,2731.46,0.1,,,1.0,-,N
Xe,2,2733.15,0.1,,,25.0,hs,N
Xe,4,2733.92,0.01,,,2.0,,N
Xe,2,2734.14,0.1,,,50.0,,N
Xe,3,2736.99,0.05,,,14.0,,N
Xe,8,2737.9,0.8,,,-99.0,--,N
Xe,3,2739.19,0.05,,,4.0,,N
Xe,2,2739.77,0.1,,,1.0,-,N
Xe,3,2740.78,0.05,,,16.0,,N
Xe,4,2744.08,0.01,,,10.0,,N
Xe,2,2746.77,0.1,,,1.0,-,N
Xe,2,2747.68,0.1,,,1.0,^,N
Xe,3,2747.86,0.05,,,14.0,,N
Xe,2,2748.79,0.1,,,1.0,h,N
Xe,2,2751.76,0.1,,,0.0,,N
Xe,3,2754.88,0.05,,,13.0,,N
Xe,2,2756.48,0.1,,,1.0,-,N
Xe,3,2757.56,0.05,,,3.0,,N
Xe,2,2757.86,0.1,,,40.0,h*,N
Xe,2,2757.86,0.1,,,40.0,h*,N
Xe,3,2759.19,0.05,,,11.0,,N
Xe,4,2759.66,0.01,,,6.0,,N
Xe,4,2759.86,0.01,,,0.0,,N
Xe,3,2760.72,0.05,,,13.0,,N
Xe,4,2761.35,0.01,,,1.0,,N
Xe,3,2761.58,0.05,,,15.0,,N
Xe,2,2762.25,0.1,,,0.0,,N
Xe,3,2762.73,0.05,,,9.0,bl,N
Xe,2,2762.77,0.1,,,2.0,,N
Xe,3,2763.01,0.05,,,6.0,*,N
Xe,3,2763.01,0.05,,,6.0,*,N
Xe,2,2763.56,0.1,,,1.0,,N
Xe,3,2765.95,0.05,,,5.0,,N
Xe,3,2766.18,0.05,,,15.0,,N
Xe,2,2767.0,0.1,,,1.0,,N
Xe,4,2767.58,0.01,,,15.0,,N
Xe,3,2769.17,0.05,,,10.0,,N
Xe,2,2770.41,0.1,,,2.0,h,N
Xe,3,2772.4,0.05,,,16.0,,N
Xe,3,2774.44,0.05,,,0.0,,N
Xe,3,2774.79,0.05,,,6.0,a,N
Xe,2,2774.86,0.1,,,15.0,h,N
Xe,3,2776.96,0.05,,,16.0,,N
Xe,3,2777.94,0.05,,,13.0,,N
Xe,3,2779.64,0.05,,,11.0,,N
Xe,5,2780.1,0.01,,,3.0,,N
Xe,2,2781.92,0.1,,,0.0,,N
Xe,3,2782.3,0.05,,,4.0,,N
Xe,3,2782.69,0.05,,,10.0,,N
Xe,3,2783.33,0.05,,,17.0,,N
Xe,2,2783.8,0.1,,,1.0,h^,N
Xe,3,2784.93,0.05,,,7.0,,N
Xe,3,2785.33,0.05,,,6.0,,N
Xe,2,2785.42,0.1,,,3.0,,N
Xe,3,2785.8,0.05,,,7.0,,N
Xe,4,2792.47,0.01,,,3.0,,N
Xe,3,2792.47,0.05,,,3.0,,N
Xe,2,2792.52,0.1,,,1.0,-,N
Xe,2,2794.68,0.1,,,1.0,^,N
Xe,3,2794.84,0.05,,,14.0,,N
Xe,5,2796.17,0.01,,,6.0,,N
Xe,4,2796.58,0.01,,,10.0,,N
Xe,3,2797.12,0.05,,,12.0,*,N
Xe,3,2797.12,0.05,,,12.0,*,N
Xe,3,2797.87,0.05,,,9.0,,N
Xe,6,2798.1,0.8,,,-99.0,*,N
Xe,6,2798.1,0.8,,,-99.0,*,N
Xe,3,2800.2,0.05,,,17.0,,N
Xe,3,2802.19,0.05,,,3.0,,N
Xe,2,2802.5,0.1,,,1.0,h,N
Xe,4,2803.46,0.01,,,2.0,,N
Xe,3,2805.09,0.05,,,4.0,,N
Xe,3,2805.61,0.01,,,1.0,,N
Xe,3,2806.4,0.05,,,6.0,,N
Xe,4,2806.65,0.01,,,11.0,,N
Xe,3,2807.22,0.05,,,12.0,,N
Xe,3,2808.46,0.05,,,7.0,,N
Xe,3,2808.57,0.05,,,7.0,,N
Xe,3,2809.06,0.05,,,10.0,a*,N
Xe,3,2809.06,0.05,,,10.0,a*,N
Xe,3,2809.06,0.05,,,10.0,a*,N
Xe,3,2809.53,0.05,,,3.0,,N
Xe,3,2810.46,0.05,,,7.0,bl,N
Xe,4,2810.46,0.01,,,10.0,,N
Xe,3,2811.61,0.05,,,8.0,,N
Xe,3,2814.46,0.05,,,13.0,a,N
Xe,3,2815.27,0.05,,,1.0,,N
Xe,3,2815.92,0.05,,,16.0,,N
Xe,3,2817.36,0.05,,,8.0,bl,N
Xe,2,2819.02,0.1,,,1.0,H,N
Xe,2,2820.06,0.1,,,4.0,h,N
Xe,8,2821.0,0.8,,,-99.0,*,N
Xe,8,2821.0,0.8,,,-99.0,*,N
Xe,4,2824.1,0.01,,,11.0,,N
Xe,2,2825.34,0.1,,,1.0,h,N
Xe,3,2825.99,0.05,,,14.0,,N
Xe,3,2827.46,0.05,,,17.0,,N
Xe,2,2827.9,0.1,,,2.0,h,N
Xe,4,2828.31,0.01,,,1.0,,N
Xe,8,2829.0,0.8,,,-99.0,--,N
Xe,2,2832.0,0.1,,,2.0,h,N
Xe,3,2832.83,0.05,,,2.0,,N
Xe,3,2832.97,0.05,,,6.0,,N
Xe,3,2833.12,0.05,,,8.0,,N
Xe,2,2836.16,0.1,,,1.0,h,N
Xe,4,2838.47,0.01,,,11.0,,N
Xe,3,2838.81,0.05,,,5.0,,N
Xe,2,2840.64,0.1,,,0.0,,N
Xe,3,2844.12,0.05,,,4.0,,N
Xe,3,2845.06,0.05,,,7.0,,N
Xe,4,2845.06,0.01,,,10.0,,N
Xe,3,2847.67,0.05,,,14.0,,N
Xe,3,2847.92,0.05,,,10.0,,N
Xe,5,2848.43,0.01,,,9.0,,N
Xe,3,2850.27,0.05,,,4.0,,N
Xe,4,2850.5,0.01,,,10.0,,N
Xe,2,2850.95,0.1,,,3.0,,N
Xe,2,2852.39,0.1,,,3.0,h,N
Xe,2,2853.11,0.1,,,1.0,,N
Xe,2,2854.53,0.1,,,60.0,,N
Xe,3,2856.67,0.05,,,3.0,,N
Xe,2,2857.32,0.1,,,1.0,h,N
Xe,3,2857.81,0.05,,,1.0,,N
Xe,2,2861.9,0.1,,,20.0,h,N
Xe,3,2862.42,0.05,,,25.0,,N
Xe,3,2863.86,0.05,,,2.0,,N
Xe,4,2864.15,0.01,,,10.0,,N
Xe,3,2864.62,0.05,,,8.0,,N
Xe,2,2864.73,0.1,,,150.0,,N
Xe,2,2866.76,0.1,,,5.0,h,N
Xe,2,2867.36,0.1,,,2.0,h,N
Xe,3,2868.45,0.05,,,3.0,,N
Xe,3,2869.52,0.05,,,3.0,,N
Xe,3,2871.1,0.05,,,17.0,,N
Xe,3,2871.27,0.05,,,17.0,,N
Xe,3,2871.69,0.05,,,25.0,*,N
Xe,3,2871.69,0.05,,,25.0,*,N
Xe,3,2872.75,0.05,,,4.0,,N
Xe,3,2873.29,0.05,,,4.0,,N
Xe,5,2875.15,0.01,,,11.0,*,N
Xe,5,2875.15,0.01,,,11.0,*,N
Xe,3,2879.36,0.05,,,5.0,,N
Xe,4,2879.79,0.01,,,12.0,,N
Xe,2,2881.14,0.1,,,1.0,-^,N
Xe,2,2883.71,0.1,,,12.0,,N
Xe,3,2886.68,0.05,,,12.0,,N
Xe,3,2886.93,0.05,,,2.0,,N
Xe,2,2887.12,0.1,,,10.0,,N
Xe,2,2889.07,0.1,,,10.0,,N
Xe,3,2889.97,0.05,,,8.0,,N
Xe,3,2891.72,0.05,,,18.0,,N
Xe,3,2895.04,0.05,,,6.0,,N
Xe,2,2895.22,0.1,,,150.0,h,N
Xe,3,2896.07,0.05,,,2.0,,N
Xe,3,2896.65,0.05,,,14.0,,N
Xe,3,2897.7,0.05,,,4.0,,N
Xe,4,2898.48,0.01,,,10.0,,N
Xe,4,2900.44,0.01,,,13.0,,N
Xe,3,2902.29,0.05,,,5.0,,N
Xe,2,2902.68,0.1,,,3.0,,N
Xe,3,2904.17,0.05,,,7.0,,N
Xe,2,2905.1,0.1,,,2.0,h,N
Xe,3,2906.56,0.05,,,15.0,,N
Xe,2,2907.18,0.1,,,80.0,h,N
Xe,3,2910.09,0.05,,,3.0,,N
Xe,4,2910.37,0.01,,,13.0,,N
Xe,3,2910.37,0.05,,,12.0,,N
Xe,2,2910.64,0.1,,,1.0,h,N
Xe,3,2911.48,0.05,,,6.0,,N
Xe,3,2911.91,0.05,,,19.0,,N
Xe,3,2912.38,0.05,,,20.0,,N
Xe,3,2914.14,0.05,,,18.0,,N
Xe,3,2915.04,0.05,,,7.0,,N
Xe,3,2916.63,0.05,,,8.0,,N
Xe,2,2917.01,0.1,,,1.0,-,N
Xe,3,2917.6,0.05,,,15.0,,N
Xe,2,2919.87,0.1,,,40.0,,N
Xe,2,2923.03,0.1,,,1.0,-^,N
Xe,3,2923.53,0.05,,,16.0,,N
Xe,3,2923.96,0.05,,,11.0,,N
Xe,2,2924.38,0.1,,,2.0,,N
Xe,3,2926.07,0.05,,,11.0,,N
Xe,3,2927.13,0.05,,,4.0,,N
Xe,2,2927.58,0.1,,,2.0,,N
Xe,5,2927.64,0.01,,,10.0,,N
Xe,4,2929.25,0.01,,,9.0,,N
Xe,3,2930.27,0.05,,,18.0,,N
Xe,3,2932.09,0.05,,,10.0,bl,N
Xe,3,2932.76,0.05,,,18.0,,N
Xe,2,2933.34,0.1,,,1.0,h,N
Xe,2,2934.8,0.1,,,2.0,h,N
Xe,3,2935.72,0.05,,,10.0,,N
Xe,2,2935.86,0.1,,,60.0,h,N
Xe,3,2935.86,0.05,,,15.0,bl,N
Xe,5,2936.86,0.01,,,3.0,,N
Xe,5,2937.57,0.01,,,12.0,,N
Xe,3,2939.11,0.05,,,12.0,,N
Xe,3,2939.73,0.05,,,10.0,,N
Xe,3,2940.21,0.05,,,17.0,,N
Xe,3,2941.39,0.05,,,12.0,,N
Xe,3,2942.06,0.05,,,11.0,bl,N
Xe,2,2942.1,0.1,,,20.0,h,N
Xe,3,2943.43,0.05,,,7.0,,N
Xe,3,2944.56,0.05,,,7.0,,N
Xe,3,2944.68,0.05,,,10.0,,N
Xe,3,2945.23,0.05,,,18.0,,N
Xe,3,2945.48,0.01,,,1.0,,N
Xe,3,2947.51,0.05,,,17.0,,N
Xe,3,2948.07,0.05,,,19.0,,N
Xe,2,2949.77,0.1,,,4.0,h,N
Xe,2,2950.69,0.1,,,1.0,h,N
Xe,3,2950.76,0.01,,,1.0,,N
Xe,3,2951.53,0.05,,,3.0,,N
Xe,2,2951.58,0.1,,,2.0,,N
Xe,2,2952.48,0.1,,,2.0,,N
Xe,4,2952.61,0.01,,,3.0,,N
Xe,8,2953.2,0.5,,,-99.0,--,N
Xe,8,2953.2,0.5,,,-99.0,--,N
Xe,3,2953.86,0.05,,,6.0,,N
Xe,3,2953.94,0.05,,,7.0,,N
Xe,3,2954.1,0.05,,,10.0,a,N
Xe,3,2954.17,0.05,,,10.0,a,N
Xe,2,2954.41,0.1,,,1.0,,N
Xe,4,2954.69,0.01,,,15.0,,N
Xe,3,2954.93,0.05,,,17.0,,N
Xe,5,2954.93,0.01,,,10.0,,N
Xe,4,2955.89,0.01,,,12.0,,N
Xe,2,2958.5,0.1,,,0.0,*,N
Xe,2,2958.5,0.1,,,0.0,*,N
Xe,4,2958.72,0.01,,,9.0,,N
Xe,3,2959.28,0.05,,,9.0,a,N
Xe,3,2959.36,0.05,,,15.0,a,N
Xe,3,2960.07,0.05,,,6.0,,N
Xe,3,2960.34,0.05,,,13.0,,N
Xe,3,2960.87,0.05,,,4.0,,N
Xe,2,2963.41,0.1,,,50.0,,N
Xe,3,2964.17,0.05,,,13.0,,N
Xe,3,2964.93,0.05,,,11.0,,N
Xe,2,2966.74,0.1,,,2.0,^,N
Xe,3,2966.92,0.05,,,10.0,a,N
Xe,4,2967.12,0.01,,,2.0,,N
Xe,3,2968.43,0.05,,,10.0,,N
Xe,3,2968.57,0.05,,,12.0,,N
Xe,2,2968.95,0.1,,,1.0,^,N
Xe,3,2969.43,0.05,,,9.0,,N
Xe,3,2969.77,0.05,,,23.0,,N
Xe,3,2970.08,0.05,,,10.0,,N
Xe,3,2970.49,0.05,,,19.0,,N
Xe,8,2970.7,0.5,,,-99.0,*,N
Xe,8,2970.7,0.5,,,-99.0,*,N
Xe,4,2970.94,0.01,,,1.0,,N
Xe,3,2971.17,0.05,,,11.0,,N
Xe,3,2971.26,0.05,,,9.0,,N
Xe,2,2972.31,0.1,,,8.0,,N
Xe,2,2972.78,0.1,,,1.0,,N
Xe,2,2973.21,0.1,,,0.0,,N
Xe,2,2974.86,0.1,,,20.0,Hl,N
Xe,3,2974.9,0.05,,,6.0,bl,N
Xe,4,2976.44,0.01,,,14.0,,N
Xe,3,2976.75,0.05,,,10.0,,N
Xe,4,2977.99,0.01,,,6.0,,N
Xe,2,2979.32,0.1,,,300.0,,N
Xe,3,2980.09,0.05,,,3.0,,N
Xe,3,2981.32,0.05,,,8.0,,N
Xe,3,2984.58,0.05,,,16.0,,N
Xe,3,2985.53,0.05,,,14.0,,N
Xe,3,2986.11,0.05,,,11.0,,N
Xe,2,2986.82,0.1,,,8.0,,N
Xe,3,2990.33,0.05,,,7.0,,N
Xe,2,2990.54,0.1,,,12.0,*,N
Xe,2,2990.54,0.1,,,12.0,*,N
Xe,3,2990.82,0.05,,,3.0,,N
Xe,3,2991.25,0.05,,,14.0,,N
Xe,3,2991.49,0.05,,,11.0,,N
Xe,2,2991.73,0.1,,,3.0,*,N
Xe,2,2991.73,0.1,,,3.0,*,N
Xe,3,2992.89,0.05,,,15.0,,N
Xe,3,2994.37,0.05,,,4.0,,N
Xe,3,2994.67,0.05,,,14.0,,N
Xe,3,2994.95,0.05,,,8.0,,N
Xe,3,2997.5,0.05,,,9.0,,N
Xe,3,2999.03,0.05,,,11.0,a,N
Xe,3,2999.29,0.05,,,9.0,,N
Xe,3,3001.52,0.05,,,11.0,,N
Xe,2,3003.98,0.1,,,40.0,,N
Xe,3,3004.26,0.05,,,18.0,a,N
Xe,3,3004.65,0.05,,,5.0,,N
Xe,2,3005.97,0.1,,,1.0,-,N
Xe,2,3006.97,0.1,,,2.0,,N
Xe,2,3009.03,0.1,,,0.0,bl,N
Xe,3,3009.03,0.05,,,1.0,bl,N
Xe,2,3013.82,0.1,,,2.0,h^,N
Xe,4,3014.02,0.01,,,1.0,,N
Xe,3,3014.13,0.05,,,15.0,a,N
Xe,3,3014.59,0.05,,,11.0,,N
Xe,5,3015.09,0.01,,,13.0,,N
Xe,3,3015.41,0.05,,,11.0,,N
Xe,2,3015.52,0.1,,,20.0,h,N
Xe,3,3015.77,0.05,,,2.0,,N
Xe,2,3017.43,0.1,,,100.0,h,N
Xe,4,3017.72,0.01,,,6.0,,N
Xe,2,3019.78,0.1,,,2.0,h,N
Xe,3,3020.33,0.05,,,6.0,,N
Xe,2,3022.1,0.1,,,2.0,H,N
Xe,3,3023.65,0.05,,,18.0,,N
Xe,3,3023.83,0.05,,,25.0,,N
Xe,4,3024.43,0.01,,,6.0,,N
Xe,3,3026.52,0.05,,,12.0,,N
Xe,2,3027.27,0.1,,,3.0,,N
Xe,2,3027.63,0.1,,,2.0,h,N
Xe,2,3033.71,0.1,,,10.0,,N
Xe,4,3034.22,0.01,,,15.0,,N
Xe,2,3036.8,0.1,,,30.0,h,N
Xe,4,3036.97,0.01,,,12.0,,N
Xe,2,3037.35,0.1,,,-99.0,--,N
Xe,3,3042.04,0.05,,,12.0,,N
Xe,4,3042.67,0.01,,,1.0,,N
Xe,4,3044.26,0.01,,,16.0,,N
Xe,2,3044.75,0.1,,,10.0,,N
Xe,2,3045.25,0.1,,,30.0,,N
Xe,2,3046.27,0.1,,,25.0,,N
Xe,2,3047.56,0.1,,,0.0,,N
Xe,2,3047.76,0.1,,,8.0,H,N
Xe,2,3047.83,0.1,,,0.0,,N
Xe,2,3048.17,0.1,,,5.0,,N
Xe,2,3048.5,0.1,,,3.0,h^,N
Xe,3,3048.86,0.05,,,7.0,,N
Xe,2,3050.98,0.1,,,3.0,,N
Xe,3,3051.21,0.05,,,6.0,,N
Xe,3,3054.48,0.05,,,14.0,,N
Xe,3,3055.26,0.05,,,1.0,,N
Xe,2,3055.5,0.1,,,1.0,,N
Xe,2,3056.49,0.1,,,20.0,,N
Xe,2,3061.54,0.1,,,12.0,,N
Xe,2,3063.72,0.1,,,0.0,,N
Xe,3,3065.19,0.05,,,18.0,,N
Xe,2,3066.6,0.1,,,1.0,h,N
Xe,2,3067.3,0.1,,,30.0,*,N
Xe,2,3067.3,0.1,,,30.0,*,N
Xe,4,3068.57,0.01,,,9.0,,N
Xe,3,3068.57,0.05,,,2.0,,N
Xe,2,3073.17,0.1,,,2.0,h,N
Xe,3,3073.51,0.05,,,6.0,,N
Xe,4,3074.48,0.01,,,2.0,,N
Xe,4,3076.16,0.01,,,1.0,,N
Xe,5,3077.71,0.01,,,16.0,,N
Xe,4,3079.72,0.01,,,14.0,,N
Xe,3,3080.42,0.05,,,11.0,,N
Xe,2,3082.62,0.1,,,20.0,,N
Xe,2,3082.87,0.1,,,2.0,,N
Xe,3,3082.89,0.05,,,4.0,bl,N
Xe,4,3083.05,0.01,,,6.0,,N
Xe,3,3083.53,0.05,,,18.0,,N
Xe,2,3085.12,0.1,,,1.0,-*,N
Xe,2,3085.12,0.1,,,1.0,-*,N
Xe,4,3086.7,0.01,,,3.0,,N
Xe,2,3087.34,0.1,,,1.0,-,N
Xe,3,3088.87,0.05,,,3.0,,N
Xe,3,3090.0,0.05,,,11.0,,N
Xe,2,3090.47,0.1,,,1.0,,N
Xe,3,3091.05,0.05,,,18.0,,N
Xe,2,3092.41,0.1,,,15.0,,N
Xe,2,3094.53,0.1,,,30.0,h,N
Xe,2,3096.9,0.1,,,8.0,,N
Xe,2,3098.21,0.1,,,2.0,,N
Xe,2,3098.5,0.1,,,1.0,,N
Xe,3,3099.87,0.05,,,11.0,,N
Xe,2,3101.51,0.1,,,50.0,h,N
Xe,3,3102.36,0.05,,,9.0,,N
Xe,3,3102.69,0.05,,,10.0,,N
Xe,4,3103.23,0.01,,,10.0,,N
Xe,3,3103.47,0.05,,,13.0,,N
Xe,2,3104.4,0.1,,,70.0,h,N
Xe,4,3105.62,0.01,,,11.0,,N
Xe,3,3106.34,0.05,,,13.0,,N
Xe,3,3106.47,0.05,,,9.0,,N
Xe,2,3106.54,0.1,,,0.0,bl,N
Xe,3,3107.56,0.05,,,6.0,,N
Xe,2,3107.82,0.1,,,20.0,Hl,N
Xe,5,3109.49,0.01,,,9.0,,N
Xe,2,3112.74,0.1,,,20.0,,N
Xe,3,3114.41,0.05,,,12.0,,N
Xe,2,3116.78,0.1,,,2.0,h,N
Xe,3,3120.52,0.05,,,10.0,*,N
Xe,3,3120.52,0.05,,,10.0,*,N
Xe,3,3121.01,0.05,,,5.0,,N
Xe,4,3121.57,0.01,,,3.0,,N
Xe,2,3121.87,0.1,,,250.0,,N
Xe,3,3122.15,0.05,,,9.0,,N
Xe,2,3124.02,0.1,,,12.0,h,N
Xe,3,3124.6,0.05,,,3.0,,N
Xe,3,3124.95,0.05,,,9.0,,N
Xe,4,3125.76,0.01,,,13.0,,N
Xe,3,3126.77,0.05,,,3.0,,N
Xe,2,3128.4,0.1,,,1.0,H*,N
Xe,2,3128.4,0.1,,,1.0,H*,N
Xe,2,3130.4,0.1,,,3.0,H,N
Xe,3,3138.28,0.05,,,20.0,,N
Xe,3,3141.63,0.05,,,11.0,*,N
Xe,3,3141.63,0.05,,,11.0,*,N
Xe,2,3142.54,0.1,,,0.0,,N
Xe,4,3142.87,0.01,,,1.0,,N
Xe,2,3143.62,0.1,,,6.0,,N
Xe,2,3145.02,0.1,,,4.0,h,N
Xe,5,3145.57,0.01,,,10.0,,N
Xe,2,3148.99,0.1,,,5.0,,N
Xe,5,3149.11,0.01,,,13.0,,N
Xe,3,3150.69,0.05,,,15.0,,N
Xe,3,3150.83,0.05,,,14.0,,N
Xe,3,3150.97,0.05,,,18.0,,N
Xe,2,3150.97,0.1,,,3.0,,N
Xe,3,3151.83,0.05,,,15.0,,N
Xe,3,3153.0,0.05,,,13.0,,N
Xe,3,3153.44,0.05,,,11.0,,N
Xe,3,3155.51,0.05,,,10.0,,N
Xe,3,3156.67,0.05,,,7.0,,N
Xe,4,3156.77,0.01,,,1.0,,N
Xe,2,3159.75,0.1,,,4.0,h,N
Xe,3,3160.66,0.05,,,8.0,*,N
Xe,3,3160.66,0.05,,,8.0,*,N
Xe,2,3162.93,0.1,,,25.0,,N
Xe,2,3164.23,0.1,,,6.0,,N
Xe,3,3164.47,0.05,,,9.0,*,N
Xe,3,3164.47,0.05,,,9.0,*,N
Xe,2,3165.27,0.1,,,6.0,,N
Xe,2,3168.67,0.1,,,3.0,h,N
Xe,3,3169.75,0.05,,,7.0,,N
Xe,2,3174.59,0.1,,,1.0,,N
Xe,4,3175.25,0.01,,,17.0,,N
Xe,2,3175.64,0.1,,,80.0,,N
Xe,3,3177.11,0.05,,,7.0,,N
Xe,4,3179.27,0.01,,,15.0,,N
Xe,2,3181.39,0.1,,,3.0,h,N
Xe,3,3184.27,0.05,,,11.0,,N
Xe,2,3184.35,0.1,,,10.0,h,N
Xe,4,3184.58,0.01,,,14.0,,N
Xe,3,3185.21,0.05,,,16.0,,N
Xe,2,3193.75,0.1,,,1.0,h,N
Xe,2,3194.85,0.1,,,0.0,*,N
Xe,2,3194.85,0.1,,,0.0,*,N
Xe,2,3196.22,0.1,,,25.0,,N
Xe,3,3196.25,0.05,,,15.0,,N
Xe,3,3196.51,0.05,,,14.0,,N
Xe,3,3199.22,0.05,,,7.0,,N
Xe,4,3199.32,0.01,,,1.0,,N
Xe,4,3201.55,0.01,,,10.0,,N
Xe,2,3201.68,0.1,,,3.0,h,N
Xe,2,3202.04,0.1,,,10.0,,N
Xe,2,3206.72,0.1,,,1.0,-^,N
Xe,4,3207.79,0.01,,,2.0,,N
Xe,4,3209.4,0.01,,,13.0,,N
Xe,2,3211.59,0.1,,,1.0,H,N
Xe,2,3212.29,0.1,,,5.0,h,N
Xe,3,3214.12,0.05,,,2.0,,N
Xe,3,3222.99,0.05,,,12.0,,N
Xe,4,3223.36,0.01,,,2.0,,N
Xe,2,3225.08,0.1,,,15.0,,N
Xe,4,3225.49,0.01,,,9.0,,N
Xe,3,3227.16,0.05,,,12.0,,N
Xe,5,3227.69,0.01,,,5.0,,N
Xe,8,3229.8,0.8,,,-99.0,--,N
Xe,5,3230.04,0.01,,,6.0,,N
Xe,3,3231.7,0.01,,,4.0,w,N
Xe,2,3233.23,0.1,,,1.0,,N
Xe,4,3233.41,0.01,,,1.0,,N
Xe,3,3235.73,0.05,,,13.0,,N
Xe,3,3236.84,0.01,,,3.0,,N
Xe,4,3239.3,0.01,,,16.0,,N
Xe,3,3240.47,0.05,,,10.0,,N
Xe,3,3242.86,0.05,,,25.0,,N
Xe,3,3244.13,0.05,,,12.0,,N
Xe,3,3246.85,0.05,,,22.0,,N
Xe,2,3247.74,0.1,,,6.0,Hl,N
Xe,8,3248.4,0.8,,,-99.0,--,N
Xe,3,3248.62,0.05,,,7.0,,N
Xe,2,3248.83,0.1,,,1.0,-^,N
Xe,2,3249.35,0.1,,,1.0,-^,N
Xe,2,3250.04,0.1,,,2.0,h,N
Xe,2,3250.56,0.1,,,25.0,,N
Xe,4,3253.25,0.01,,,13.0,,N
Xe,8,3253.7,0.8,,,-99.0,--,N
Xe,3,3256.25,0.05,,,12.0,,N
Xe,3,3256.52,0.05,,,2.0,,N
Xe,4,3256.66,0.01,,,9.0,,N
Xe,3,3257.85,0.05,,,5.0,,N
Xe,2,3259.36,0.1,,,12.0,,N
Xe,4,3259.46,0.01,,,12.0,,N
Xe,6,3259.5,0.8,,,-99.0,*,N
Xe,6,3259.5,0.8,,,-99.0,*,N
Xe,4,3260.67,0.01,,,1.0,,N
Xe,2,3260.73,0.1,,,2.0,,N
Xe,3,3261.46,0.05,,,1.0,,N
Xe,2,3262.02,0.1,,,4.0,h,N
Xe,2,3264.03,0.1,,,0.0,,N
Xe,3,3267.05,0.05,,,20.0,,N
Xe,2,3267.34,0.1,,,3.0,h,N
Xe,2,3268.08,0.1,,,1.0,h^,N
Xe,3,3268.98,0.05,,,22.0,,N
Xe,3,3269.4,0.05,,,3.0,,N
Xe,2,3272.91,0.1,,,60.0,,N
Xe,4,3273.74,0.01,,,13.0,,N
Xe,2,3274.8,0.1,,,2.0,H^,N
Xe,3,3276.39,0.05,,,13.0,,N
Xe,4,3276.59,0.01,,,1.0,,N
Xe,4,3277.28,0.01,,,10.0,,N
Xe,3,3278.44,0.05,,,12.0,,N
Xe,3,3279.13,0.05,,,3.0,,N
Xe,3,3280.5,0.05,,,14.0,,N
Xe,2,3281.26,0.1,,,12.0,h*,N
Xe,2,3281.26,0.1,,,12.0,h*,N
Xe,3,3284.64,0.05,,,8.0,,N
Xe,3,3285.82,0.05,,,14.0,,N
Xe,4,3285.98,0.01,,,15.0,,N
Xe,3,3287.8,0.05,,,13.0,,N
Xe,3,3287.91,0.05,,,16.0,,N
Xe,3,3288.54,0.05,,,5.0,,N
Xe,4,3289.03,0.01,,,9.0,,N
Xe,3,3295.94,0.05,,,14.0,,N
Xe,2,3296.2,0.1,,,1.0,h,N
Xe,2,3298.72,0.1,,,6.0,,N
Xe,3,3301.54,0.05,,,14.0,,N
Xe,4,3303.32,0.01,,,8.0,,N
Xe,3,3304.05,0.05,,,8.0,,N
Xe,5,3305.96,0.01,,,16.0,,N
Xe,3,3306.46,0.05,,,11.0,a,N
Xe,3,3306.8,0.05,,,11.0,a,N
Xe,5,3309.11,0.01,,,2.0,,N
Xe,4,3310.4,0.01,,,16.0,,N
Xe,2,3310.85,0.1,,,1.0,h,N
Xe,2,3311.8,0.1,,,2.0,,N
Xe,3,3312.2,0.01,,,0.0,bl,N
Xe,5,3312.92,0.01,,,9.0,,N
Xe,2,3313.48,0.1,,,2.0,h,N
Xe,3,3314.26,0.05,,,6.0,,N
Xe,3,3314.87,0.05,,,12.0,,N
Xe,2,3316.39,0.1,,,6.0,h,N
Xe,3,3317.45,0.05,,,6.0,,N
Xe,3,3319.55,0.05,,,7.0,,N
Xe,3,3320.07,0.05,,,8.0,*,N
Xe,3,3320.07,0.05,,,8.0,*,N
Xe,2,3320.57,0.1,,,1.0,h,N
Xe,4,3322.19,0.01,,,4.0,,N
Xe,3,3326.39,0.05,,,5.0,,N
Xe,2,3327.46,0.1,,,15.0,,N
Xe,5,3330.84,0.01,,,16.0,,N
Xe,3,3331.65,0.05,,,15.0,a,N
Xe,4,3332.83,0.01,,,18.0,,N
Xe,3,3332.83,0.01,,,5.0,u,N
Xe,3,3334.23,0.05,,,8.0,,N
Xe,3,3336.24,0.05,,,7.0,,N
Xe,2,3338.8,0.1,,,4.0,h,N
Xe,4,3338.86,0.01,,,1.0,,N
Xe,3,3338.99,0.05,,,15.0,a,N
Xe,4,3339.19,0.01,,,1.0,,N
Xe,2,3339.49,0.1,,,3.0,,N
Xe,3,3339.5,0.05,,,12.0,bl,N
Xe,1,3340.04,0.01,,,1.0,-,Y
Xe,3,3340.06,0.05,,,13.0,,N
Xe,3,3340.37,0.05,,,14.0,a,N
Xe,3,3340.67,0.05,,,16.0,a,N
Xe,6,3340.9,0.8,,,-99.0,--,N
Xe,3,3344.27,0.05,,,4.0,,N
Xe,3,3344.93,0.05,,,7.0,,N
Xe,3,3345.49,0.05,,,2.0,,N
Xe,2,3347.27,0.1,,,3.0,H,N
Xe,1,3348.63,0.01,,,1.0,-,Y
Xe,3,3349.76,0.05,,,12.0,,N
Xe,3,3350.35,0.05,,,6.0,,N
Xe,8,3351.2,0.8,,,-99.0,--,N
Xe,2,3353.44,0.1,,,1.0,h^,N
Xe,3,3353.54,0.05,,,4.0,,N
Xe,4,3355.96,0.01,,,11.0,,N
Xe,3,3357.99,0.05,,,15.0,,N
Xe,1,3358.17,0.01,,,1.0,h-,Y
Xe,3,3358.5,0.05,,,3.0,,N
Xe,1,3358.96,0.01,,,1.0,h-,Y
Xe,3,3361.0,0.01,,,1.0,,N
Xe,3,3362.77,0.05,,,8.0,,N
Xe,3,3363.5,0.05,,,2.0,,N
Xe,4,3364.68,0.01,,,4.0,,N
Xe,3,3365.32,0.05,,,3.0,,N
Xe,6,3365.7,0.8,,,-99.0,*,N
Xe,3,3365.7,0.05,,,3.0,,N
Xe,6,3365.7,0.8,,,-99.0,*,N
Xe,2,3366.72,0.1,,,300.0,h,N
Xe,4,3367.5,0.01,,,5.0,,N
Xe,1,3370.34,0.01,,,1.0,h,Y
Xe,3,3370.65,0.05,,,9.0,,N
Xe,2,3373.92,0.1,,,2.0,h,N
Xe,2,3375.16,0.1,,,3.0,h,N
Xe,3,3376.98,0.05,,,3.0,,N
Xe,3,3379.03,0.05,,,9.0,,N
Xe,4,3380.09,0.01,,,10.0,,N
Xe,2,3381.34,0.1,,,1.0,h^,N
Xe,3,3381.64,0.05,,,4.0,,N
Xe,1,3383.2,0.01,,,1.0,,Y
Xe,3,3383.92,0.05,,,10.0,*,N
Xe,3,3383.92,0.05,,,10.0,*,N
Xe,3,3384.1,0.05,,,12.0,bl,N
Xe,2,3384.13,0.1,,,40.0,h,N
Xe,1,3384.36,0.01,,,1.0,,Y
Xe,3,3386.23,0.05,,,4.0,,N
Xe,2,3386.3,0.1,,,2.0,h,N
Xe,4,3386.75,0.01,,,14.0,,N
Xe,2,3388.05,0.1,,,2.0,,N
Xe,3,3390.64,0.05,,,10.0,,N
Xe,3,3392.58,0.05,,,3.0,,N
Xe,4,3394.78,0.01,,,6.0,,N
Xe,2,3395.5,0.1,,,3.0,,N
Xe,3,3395.53,0.05,,,2.0,bl,N
Xe,6,3397.3,0.8,,,-99.0,--,N
Xe,2,3399.37,0.1,,,1.0,,N
Xe,3,3399.87,0.05,,,7.0,,N
Xe,1,3400.07,0.01,,,2.0,,Y
Xe,1,3400.79,0.01,,,1.0,-,Y
Xe,3,3403.91,0.05,,,8.0,,N
Xe,2,3412.58,0.1,,,1.0,H-,N
Xe,2,3413.2,0.1,,,6.0,H,N
Xe,3,3414.54,0.05,,,2.0,,N
Xe,2,3417.04,0.1,,,1.0,-,N
Xe,1,3418.37,0.01,,,2.0,,Y
Xe,1,3420.0,0.01,,,2.0,,Y
Xe,2,3420.73,0.1,,,40.0,,N
Xe,4,3426.42,0.01,,,5.0,,N
Xe,4,3428.03,0.01,,,5.0,,N
Xe,4,3431.54,0.01,,,13.0,,N
Xe,2,3432.49,0.1,,,1.0,,N
Xe,3,3435.74,0.05,,,8.0,,N
Xe,2,3436.48,0.1,,,1.0,-,N
Xe,4,3437.52,0.01,,,9.0,,N
Xe,1,3442.66,0.01,,,3.0,,Y
Xe,5,3443.32,0.01,,,9.0,,N
Xe,1,3443.83,0.01,,,1.0,*,Y
Xe,1,3443.83,0.01,,,1.0,*,Y
Xe,3,3444.24,0.05,,,20.0,a,N
Xe,3,3444.39,0.05,,,15.0,a,N
Xe,5,3444.7,0.01,,,8.0,,N
Xe,2,3446.34,0.1,,,25.0,h,N
Xe,4,3450.74,0.01,,,4.0,,N
Xe,3,3451.23,0.05,,,11.0,,N
Xe,3,3454.27,0.05,,,16.0,,N
Xe,4,3458.74,0.01,,,17.0,,N
Xe,2,3460.08,0.1,,,8.0,,N
Xe,2,3461.26,0.1,,,100.0,h,N
Xe,2,3462.81,0.1,,,1.0,-,N
Xe,2,3464.17,0.1,,,1.0,h,N
Xe,3,3467.22,0.05,,,15.0,,N
Xe,2,3467.68,0.1,,,1.0,-,N
Xe,3,3468.22,0.05,,,14.0,,N
Xe,1,3469.81,0.01,,,4.0,,Y
Xe,3,3472.35,0.05,,,10.0,,N
Xe,1,3472.36,0.01,,,4.0,,Y
Xe,4,3472.48,0.01,,,8.0,,N
Xe,2,3474.23,0.1,,,20.0,h,N
Xe,3,3479.14,0.05,,,4.0,,N
Xe,2,3482.21,0.1,,,2.0,h,N
Xe,2,3485.23,0.1,,,1.0,h,N
Xe,3,3488.13,0.05,,,6.0,,N
Xe,4,3491.55,0.01,,,2.0,,N
Xe,3,3494.51,0.05,,,8.0,,N
Xe,3,3494.82,0.05,,,4.0,,N
Xe,1,3496.86,0.01,,,1.0,,Y
Xe,4,3497.89,0.01,,,15.0,,N
Xe,4,3498.19,0.01,,,6.0,,N
Xe,2,3500.36,0.1,,,30.0,,N
Xe,3,3501.65,0.05,,,11.0,,N
Xe,2,3503.15,0.1,,,15.0,,N
Xe,2,3504.25,0.1,,,1.0,,N
Xe,2,3506.56,0.1,,,15.0,,N
Xe,1,3506.74,0.01,,,5.0,,Y
Xe,1,3508.42,0.01,,,2.0,,Y
Xe,2,3508.88,0.1,,,20.0,,N
Xe,3,3509.77,0.05,,,13.0,bl,N
Xe,2,3509.78,0.1,,,-99.0,--,N
Xe,8,3511.6,0.8,,,-99.0,--,N
Xe,4,3513.56,0.01,,,12.0,,N
Xe,2,3513.57,0.1,,,1.0,,N
Xe,2,3516.71,0.1,,,2.0,,N
Xe,1,3517.9,0.01,,,2.0,*,Y
Xe,1,3517.9,0.01,,,2.0,*,Y
Xe,3,3519.11,0.05,,,11.0,,N
Xe,2,3521.53,0.1,,,2.0,,N
Xe,4,3522.36,0.01,,,1.0,,N
Xe,3,3522.8,0.05,,,16.0,,N
Xe,2,3530.21,0.1,,,3.0,H,N
Xe,3,3531.62,0.05,,,3.0,,N
Xe,3,3531.82,0.05,,,7.0,,N
Xe,1,3533.48,0.01,,,2.0,,Y
Xe,2,3534.61,0.1,,,1.0,h^,N
Xe,1,3536.61,0.01,,,1.0,-,Y
Xe,1,3537.35,0.01,,,1.0,,Y
Xe,4,3537.41,0.01,,,12.0,,N
Xe,7,3537.5,1.0,,,-99.0,--,N
Xe,2,3538.08,0.1,,,2.0,,N
Xe,2,3539.41,0.1,,,0.0,,N
Xe,3,3539.94,0.05,,,12.0,,N
Xe,3,3542.35,0.05,,,20.0,,N
Xe,3,3544.86,0.05,,,10.0,,N
Xe,2,3546.29,0.1,,,1.0,h,N
Xe,3,3546.88,0.05,,,5.0,,N
Xe,2,3548.69,0.1,,,2.0,h,N
Xe,1,3549.86,0.01,,,10.0,,Y
Xe,3,3552.12,0.05,,,18.0,,N
Xe,4,3553.26,0.01,,,6.0,,N
Xe,1,3554.04,0.01,,,10.0,,Y
Xe,1,3555.92,0.01,,,1.0,,Y
Xe,4,3556.49,0.01,,,12.0,,N
Xe,5,3556.98,0.01,,,3.0,,N
Xe,2,3557.88,0.1,,,2.0,bl,N
Xe,4,3557.96,0.01,,,9.0,,N
Xe,4,3560.36,0.01,,,1.0,,N
Xe,3,3561.23,0.05,,,10.0,,N
Xe,3,3561.37,0.05,,,14.0,,N
Xe,2,3561.75,0.1,,,1.0,-^,N
Xe,3,3562.22,0.05,,,14.0,,N
Xe,2,3562.5,0.1,,,1.0,-^,N
Xe,3,3562.99,0.05,,,10.0,,N
Xe,1,3563.8,0.01,,,3.0,,Y
Xe,2,3564.3,0.1,,,20.0,,N
Xe,3,3564.86,0.05,,,4.0,,N
Xe,3,3565.19,0.05,,,17.0,,N
Xe,3,3568.63,0.05,,,2.0,,N
Xe,4,3569.53,0.01,,,4.0,,N
Xe,3,3574.4,0.05,,,5.0,,N
Xe,3,3578.54,0.05,,,6.0,bl,N
Xe,2,3578.58,0.1,,,2.0,,N
Xe,3,3579.7,0.05,,,25.0,,N
Xe,3,3583.65,0.05,,,25.0,,N
Xe,3,3584.27,0.05,,,5.0,*,N
Xe,3,3584.27,0.05,,,5.0,*,N
Xe,4,3584.5,0.01,,,1.0,,N
Xe,1,3587.02,0.01,,,4.0,,Y
Xe,4,3587.29,0.01,,,9.0,,N
Xe,4,3587.67,0.01,,,11.0,,N
Xe,2,3588.62,0.1,,,6.0,h,N
Xe,2,3589.02,0.1,,,2.0,bl,N
Xe,2,3589.88,0.1,,,1.0,H,N
Xe,1,3591.67,0.01,,,1.0,,Y
Xe,3,3591.98,0.05,,,8.0,,N
Xe,1,3592.8,0.01,,,2.0,,Y
Xe,3,3593.38,0.05,,,5.0,,N
Xe,4,3595.37,0.01,,,1.0,,N
Xe,3,3596.59,0.05,,,17.0,,N
Xe,3,3601.87,0.05,,,12.0,,N
Xe,2,3604.83,0.1,,,3.0,h,N
Xe,4,3606.05,0.01,,,3.0,,N
Xe,3,3607.02,0.05,,,22.0,a,N
Xe,2,3607.41,0.1,,,8.0,,N
Xe,3,3609.07,0.05,,,8.0,h,N
Xe,3,3609.46,0.05,,,22.0,a,N
Xe,1,3610.32,0.01,,,15.0,,Y
Xe,4,3610.74,0.01,,,2.0,,N
Xe,3,3610.97,0.05,,,0.0,,N
Xe,2,3611.52,0.1,,,1.0,h,N
Xe,4,3612.01,0.01,,,5.0,,N
Xe,2,3612.37,0.1,,,20.0,,N
Xe,1,3613.06,0.01,,,8.0,,Y
Xe,3,3615.86,0.05,,,10.0,,N
Xe,2,3617.94,0.1,,,1.0,,N
Xe,3,3618.86,0.05,,,8.0,,N
Xe,3,3620.0,0.05,,,11.0,,N
Xe,3,3621.59,0.05,,,4.0,,N
Xe,2,3621.98,0.1,,,3.0,h,N
Xe,3,3623.13,0.05,,,21.0,a,N
Xe,3,3624.06,0.05,,,25.0,,N
Xe,3,3628.52,0.05,,,8.0,,N
Xe,3,3632.14,0.05,,,15.0,,N
Xe,1,3633.06,0.01,,,6.0,,Y
Xe,2,3634.48,0.1,,,1.0,-,N
Xe,3,3636.02,0.05,,,11.0,,N
Xe,3,3640.99,0.05,,,15.0,,N
Xe,3,3644.14,0.05,,,10.0,,N
Xe,2,3644.43,0.1,,,5.0,,N
Xe,2,3644.91,0.1,,,5.0,,N
Xe,7,3645.2,0.5,,,-99.0,--,N
Xe,2,3645.29,0.1,,,3.0,,N
Xe,3,3649.57,0.05,,,13.0,,N
Xe,3,3653.09,0.05,,,8.0,,N
Xe,2,3654.44,0.1,,,3.0,bl,N
Xe,3,3654.61,0.05,,,16.0,,N
Xe,2,3657.74,0.1,,,5.0,,N
Xe,2,3658.44,0.1,,,6.0,h,N
Xe,4,3658.8,0.01,,,5.0,,N
Xe,2,3661.7,0.1,,,20.0,H,N
Xe,4,3663.88,0.01,,,13.0,,N
Xe,2,3663.93,0.1,,,5.0,h,N
Xe,4,3664.46,0.01,,,10.0,,N
Xe,2,3665.47,0.1,,,1.0,,N
Xe,4,3666.75,0.01,,,16.0,,N
Xe,1,3669.91,0.01,,,10.0,,Y
Xe,2,3672.57,0.1,,,20.0,,N
Xe,2,3674.04,0.1,,,1.0,-,N
Xe,3,3675.17,0.05,,,2.0,,N
Xe,4,3676.01,0.01,,,6.0,,N
Xe,3,3676.63,0.05,,,23.0,,N
Xe,1,3677.54,0.01,,,2.0,,Y
Xe,1,3679.31,0.01,,,4.0,,Y
Xe,2,3684.07,0.1,,,1.0,,N
Xe,1,3685.9,0.01,D,,40.0,,Y
Xe,3,3687.04,0.05,,,3.0,,N
Xe,1,3688.8,0.01,,,1.0,,Y
Xe,3,3689.83,0.05,,,6.0,,N
Xe,2,3690.74,0.1,,,1.0,,N
Xe,2,3691.84,0.1,,,1.0,h,N
Xe,1,3693.49,0.01,D+,,40.0,,Y
Xe,1,3696.82,0.01,,,4.0,,Y
Xe,2,3698.49,0.1,,,1.0,h,N
Xe,1,3702.74,0.01,,,2.0,,Y
Xe,3,3707.63,0.05,,,1.0,,N
Xe,3,3708.15,0.05,,,10.0,,N
Xe,3,3708.94,0.05,,,8.0,,N
Xe,2,3711.64,0.1,,,20.0,H,N
Xe,3,3711.91,0.05,,,10.0,,N
Xe,2,3715.69,0.1,,,2.0,H,N
Xe,2,3717.2,0.1,,,20.0,,N
Xe,4,3719.1,0.01,,,3.0,,N
Xe,2,3720.8,0.1,,,40.0,,N
Xe,4,3720.91,0.01,,,1.0,bl,N
Xe,3,3721.03,0.05,,,1.0,,N
Xe,3,3721.82,0.05,,,1.0,,N
Xe,3,3728.91,0.05,,,5.0,bl,N
Xe,2,3731.0,0.1,,,0.0,bl,N
Xe,2,3731.18,0.1,,,20.0,,N
Xe,4,3732.66,0.01,,,12.0,,N
Xe,1,3737.81,0.2,,,5.0,,Y
Xe,3,3739.6,0.05,,,2.0,,N
Xe,2,3741.11,0.1,,,0.0,,N
Xe,2,3741.96,0.1,,,2.0,Hw,N
Xe,1,3742.22,0.01,,,1.0,,Y
Xe,3,3743.74,0.05,,,2.0,,N
Xe,1,3745.38,0.01,,,10.0,,Y
Xe,2,3745.46,0.1,,,3.0,a,N
Xe,1,3745.69,0.01,,,4.0,,Y
Xe,3,3745.71,0.05,,,18.0,,N
Xe,4,3750.71,0.01,,,13.0,,N
Xe,3,3751.44,0.05,,,3.0,,N
Xe,2,3756.87,0.1,,,10.0,,N
Xe,3,3757.98,0.05,,,5.0,,N
Xe,4,3761.44,0.01,,,4.0,,N
Xe,2,3762.05,0.1,,,3.0,h,N
Xe,3,3762.28,0.05,,,19.0,,N
Xe,2,3763.37,0.1,,,15.0,,N
Xe,2,3765.66,0.1,,,0.0,,N
Xe,3,3765.85,0.05,,,14.0,,N
Xe,3,3768.93,0.05,,,12.0,,N
Xe,3,3772.25,0.05,,,1.0,,N
Xe,3,3772.53,0.05,,,15.0,,N
Xe,2,3773.83,0.1,,,0.0,,N
Xe,2,3775.49,0.1,,,1.0,,N
Xe,3,3775.49,0.05,,,2.0,bl,N
Xe,3,3776.32,0.05,,,24.0,,N
Xe,2,3778.78,0.1,,,1.0,-,N
Xe,2,3780.7,0.1,,,1.0,H,N
Xe,3,3781.0,0.05,,,28.0,,N
Xe,2,3783.23,0.1,,,10.0,h,N
Xe,2,3787.32,0.1,,,3.0,,N
Xe,3,3788.63,0.01,,,0.0,,N
Xe,3,3791.67,0.05,,,15.0,,N
Xe,5,3792.31,0.01,,,11.0,,N
Xe,3,3792.74,0.05,,,2.0,,N
Xe,4,3793.3,0.01,,,6.0,,N
Xe,1,3795.95,0.01,,,3.0,,Y
Xe,1,3796.3,0.01,C,,40.0,,Y
Xe,2,3800.99,0.1,,,15.0,h,N
Xe,1,3801.39,0.01,,,30.0,,Y
Xe,3,3801.71,0.05,,,8.0,,N
Xe,1,3801.9,0.01,,,3.0,,Y
Xe,3,3802.98,0.05,,,4.0,w,N
Xe,5,3803.26,0.01,,,12.0,,N
Xe,2,3805.68,0.1,,,1.0,H,N
Xe,2,3807.29,0.1,,,10.0,h,N
Xe,1,3809.84,0.01,,,30.0,,Y
Xe,4,3810.67,0.01,,,3.0,,N
Xe,2,3810.67,0.1,,,0.0,,N
Xe,2,3811.05,0.1,,,40.0,,N
Xe,3,3811.74,0.05,,,3.0,,N
Xe,2,3815.16,0.1,,,1.0,hw,N
Xe,3,3816.78,0.05,,,7.0,,N
Xe,4,3817.38,0.01,,,6.0,*,N
Xe,4,3817.38,0.01,,,6.0,*,N
Xe,3,3819.49,0.05,,,2.0,,N
Xe,3,3823.15,0.05,,,3.0,,N
Xe,2,3823.35,0.1,,,2.0,,N
Xe,1,3823.74,0.01,,,10.0,,Y
Xe,2,3826.27,0.1,,,2.0,h,N
Xe,1,3826.86,0.01,,,15.0,,Y
Xe,5,3827.98,0.01,,,14.0,,N
Xe,5,3828.89,0.01,,,6.0,,N
Xe,3,3829.71,0.05,,,8.0,,N
Xe,2,3829.77,0.1,,,10.0,h,N
Xe,1,3835.6,0.1,,,2.0,,Y
Xe,4,3837.71,0.01,,,10.0,,N
Xe,3,3841.53,0.05,,,20.0,,N
Xe,3,3841.87,0.05,,,18.0,,N
Xe,4,3842.8,0.01,,,1.0,,N
Xe,3,3847.4,0.05,,,8.0,,N
Xe,2,3848.58,0.1,,,6.0,,N
Xe,2,3849.87,0.1,,,50.0,Hl,N
Xe,3,3854.28,0.05,,,14.0,,N
Xe,2,3858.53,0.1,,,20.0,,N
Xe,3,3860.19,0.05,,,2.0,,N
Xe,3,3861.04,0.05,,,19.0,,N
Xe,6,3861.1,1.0,,,-99.0,--,N
Xe,3,3861.51,0.05,,,7.0,,N
Xe,2,3869.63,0.1,,,20.0,,N
Xe,1,3877.2,0.2,,,2.0,*,Y
Xe,1,3877.2,0.2,,,2.0,*,Y
Xe,3,3877.82,0.05,,,20.0,,N
Xe,4,3879.17,0.01,,,9.0,,N
Xe,3,3880.46,0.05,,,18.0,,N
Xe,2,3883.67,0.1,,,1.0,H,N
Xe,3,3884.99,0.05,,,13.0,,N
Xe,2,3885.0,0.1,,,20.0,,N
Xe,2,3885.45,0.1,,,4.0,Hl,N
Xe,4,3886.72,0.01,,,11.0,,N
Xe,3,3890.98,0.05,,,2.0,,N
Xe,3,3895.05,0.05,,,19.0,,N
Xe,3,3903.67,0.05,,,8.0,,N
Xe,2,3905.34,0.1,,,1.0,,N
Xe,2,3905.85,0.1,,,10.0,,N
Xe,4,3905.93,0.01,,,13.0,,N
Xe,2,3907.91,0.1,,,100.0,h,N
Xe,3,3915.31,0.05,,,8.0,,N
Xe,2,3916.6,0.1,,,1.0,h,N
Xe,4,3918.57,0.01,,,11.0,,N
Xe,2,3920.78,0.1,,,1.0,h,N
Xe,3,3922.55,0.05,,,25.0,,N
Xe,2,3926.8,0.1,,,1.0,,N
Xe,2,3928.42,0.1,,,-99.0,--,N
Xe,3,3932.81,0.05,,,2.0,,N
Xe,2,3933.22,0.1,,,1.0,,N
Xe,2,3937.66,0.1,,,2.0,,N
Xe,5,3938.04,0.01,,,3.0,,N
Xe,2,3938.92,0.1,,,15.0,h,N
Xe,3,3941.5,0.05,,,3.0,,N
Xe,2,3942.21,0.1,,,3.0,,N
Xe,1,3942.29,0.01,,,2.0,,Y
Xe,2,3943.57,0.1,,,20.0,,N
Xe,1,3948.163,0.002,,,60.0,,Y
Xe,1,3948.72,0.01,,,10.0,,Y
Xe,3,3950.12,0.05,,,3.0,,N
Xe,3,3950.59,0.05,,,25.0,,N
Xe,1,3950.924,0.002,C+,,120.0,,Y
Xe,2,3951.61,0.1,,,5.0,Hl,N
Xe,2,3954.73,0.1,,,20.0,hl,N
Xe,1,3956.85,0.01,,,6.0,,Y
Xe,4,3958.35,0.01,,,13.0,,N
Xe,2,3962.15,0.1,,,0.0,,N
Xe,3,3965.45,0.05,,,8.0,,N
Xe,5,3967.25,0.01,,,6.0,,N
Xe,1,3967.5411,0.0005,C+,,200.0,,Y
Xe,3,3969.91,0.05,,,8.0,,N
Xe,2,3972.58,0.1,,,50.0,Hl,N
Xe,5,3973.01,0.01,,,8.0,,N
Xe,1,3974.417,0.002,D+,,40.0,,Y
Xe,2,3975.59,0.1,,,4.0,,N
Xe,2,3978.98,0.1,,,2.0,h,N
Xe,4,3979.21,0.01,,,12.0,,N
Xe,2,3980.41,0.1,,,2.0,h,N
Xe,2,3981.21,0.1,,,1.0,h,N
Xe,1,3985.202,0.002,,,30.0,,Y
Xe,3,3985.96,0.05,,,12.0,,N
Xe,2,3990.33,0.1,,,60.0,Hl,N
Xe,3,3992.54,0.05,,,3.0,,N
Xe,3,3992.85,0.05,,,21.0,,N
Xe,4,3994.42,0.01,,,13.0,,N
Xe,2,3996.05,0.1,,,3.0,,N
Xe,3,3998.55,0.05,,,4.0,,N
Xe,2,4000.55,0.1,,,5.0,h,N
Xe,4,4001.18,0.01,,,12.0,,N
Xe,2,4002.35,0.1,,,80.0,Hl,N
Xe,2,4003.09,0.1,,,1.0,,N
Xe,1,4004.55,0.2,,,10.0,*,Y
Xe,1,4004.55,0.2,,,10.0,*,Y
Xe,2,4008.46,0.1,,,1.0,H,N
Xe,4,4014.09,0.01,,,10.0,,N
Xe,2,4016.56,0.1,,,2.0,h,N
Xe,2,4017.86,0.1,,,2.0,h,N
Xe,3,4021.6,0.05,,,7.0,,N
Xe,2,4025.19,0.1,,,30.0,,N
Xe,2,4026.2,0.1,,,5.0,Hl,N
Xe,3,4026.82,0.05,,,2.0,,N
Xe,2,4026.82,0.1,,,0.0,,N
Xe,2,4027.97,0.1,,,3.0,h,N
Xe,3,4028.56,0.05,,,15.0,,N
Xe,2,4029.82,0.1,,,1.0,-,N
Xe,3,4030.46,0.05,,,1.0,,N
Xe,3,4032.91,0.05,,,4.0,a,N
Xe,4,4032.91,0.01,,,9.0,,N
Xe,4,4034.85,0.01,,,6.0,,N
Xe,2,4035.87,0.1,,,1.0,,N
Xe,2,4037.29,0.1,,,100.0,,N
Xe,2,4037.59,0.1,,,200.0,,N
Xe,5,4038.46,0.01,,,4.0,,N
Xe,2,4039.69,0.1,,,1.0,-,N
Xe,3,4043.23,0.05,,,14.0,,N
Xe,2,4044.64,0.1,,,6.0,H,N
Xe,2,4044.9,0.1,,,8.0,H,N
Xe,3,4050.07,0.05,,,22.0,,N
Xe,2,4051.27,0.1,,,10.0,h,N
Xe,4,4051.64,0.01,,,12.0,,N
Xe,4,4055.43,0.01,,,5.0,,N
Xe,2,4057.46,0.1,,,200.0,H,N
Xe,3,4058.15,0.05,,,5.0,,N
Xe,3,4060.45,0.05,,,25.0,,N
Xe,3,4060.88,0.05,,,2.0,,N
Xe,2,4062.12,0.1,,,6.0,,N
Xe,2,4066.53,0.1,,,-99.0,--,N
Xe,2,4072.1,0.1,,,6.0,h,N
Xe,3,4072.97,0.05,,,7.0,,N
Xe,2,4073.5,0.1,,,15.0,,N
Xe,3,4078.7,0.05,,,21.0,,N
Xe,1,4078.8202,0.0005,,,100.0,,Y
Xe,8,4079.0,0.8,,,-99.0,*,N
Xe,8,4079.0,0.8,,,-99.0,*,N
Xe,4,4082.9,0.01,,,11.0,,N
Xe,4,4089.81,0.01,,,9.0,,N
Xe,2,4091.88,0.1,,,3.0,h,N
Xe,8,4093.5,0.8,,,-99.0,*,N
Xe,8,4093.5,0.8,,,-99.0,*,N
Xe,3,4095.03,0.05,,,5.0,bl,N
Xe,2,4098.89,0.1,,,100.0,h,N
Xe,2,4100.34,0.1,,,20.0,,N
Xe,2,4100.97,0.1,,,1.0,h,N
Xe,2,4103.1,0.1,,,8.0,hl,N
Xe,2,4104.95,0.1,,,40.0,,N
Xe,3,4109.08,0.05,,,20.0,,N
Xe,1,4109.7089,0.0005,,,60.0,,Y
Xe,3,4110.05,0.05,,,12.0,,N
Xe,2,4110.41,0.1,,,30.0,,N
Xe,2,4112.14,0.1,,,30.0,Hl,N
Xe,3,4112.34,0.05,,,1.0,-,N
Xe,2,4112.42,0.1,,,0.0,,N
Xe,2,4113.26,0.1,,,2.0,,N
Xe,2,4113.52,0.1,,,2.0,,N
Xe,1,4116.1147,0.0005,,,80.0,,Y
Xe,2,4121.86,0.1,,,5.0,h,N
Xe,1,4123.55,0.2,,,10.0,,Y
Xe,2,4131.01,0.1,,,20.0,,N
Xe,2,4131.24,0.1,,,0.0,,N
Xe,3,4132.4,0.05,,,12.0,,N
Xe,1,4135.133,0.002,,,20.0,,Y
Xe,2,4138.81,0.1,,,3.0,h,N
Xe,3,4141.99,0.05,,,13.0,bl,N
Xe,3,4143.92,0.05,,,5.0,,N
Xe,3,4145.74,0.05,,,22.0,a,N
Xe,1,4146.78,0.01,,,2.0,,Y
Xe,2,4148.19,0.1,,,2.0,h*,N
Xe,2,4148.19,0.1,,,2.0,h*,N
Xe,3,4150.78,0.05,,,3.0,bl,N
Xe,3,4152.04,0.05,,,8.0,a,N
Xe,3,4152.74,0.05,,,4.0,bl,N
Xe,2,4152.74,0.1,,,1.0,,N
Xe,2,4154.65,0.1,,,2.0,,N
Xe,3,4154.66,0.05,,,5.0,bl,N
Xe,2,4156.17,0.1,,,2.0,h,N
Xe,2,4158.04,0.1,,,200.0,H,N
Xe,2,4162.16,0.1,,,60.0,,N
Xe,3,4162.37,0.05,,,2.0,,N
Xe,3,4167.6,0.05,,,2.0,,N
Xe,2,4170.99,0.1,,,8.0,Hl,N
Xe,1,4175.17,0.2,,,6.0,,Y
Xe,3,4176.53,0.05,,,16.0,,N
Xe,2,4180.1,0.1,,,1000.0,*,N
Xe,2,4180.1,0.1,,,1000.0,*,N
Xe,2,4180.29,0.1,,,1.0,,N
Xe,3,4181.15,0.05,,,4.0,,N
Xe,1,4193.01,0.01,,,20.0,,Y
Xe,2,4193.15,0.1,,,500.0,h,N
Xe,1,4193.528,0.002,,,150.0,,Y
Xe,3,4194.87,0.05,,,9.0,,N
Xe,2,4197.81,0.1,,,10.0,H,N
Xe,2,4201.25,0.1,,,15.0,H,N
Xe,3,4202.39,0.05,,,2.0,a,N
Xe,2,4203.22,0.1,,,5.0,,N
Xe,1,4203.695,0.002,D+,,-99.0,--,Y
Xe,3,4203.89,0.05,,,13.0,,N
Xe,1,4205.404,0.002,,,10.0,,Y
Xe,4,4207.08,0.01,,,1.0,,N
Xe,2,4208.48,0.1,,,400.0,h,N
Xe,2,4209.47,0.1,,,200.0,h,N
Xe,3,4209.58,0.05,,,14.0,,N
Xe,2,4213.72,0.1,,,400.0,h,N
Xe,3,4213.99,0.05,,,24.0,,N
Xe,2,4214.69,0.1,,,6.0,,N
Xe,2,4215.3,0.1,,,0.0,,N
Xe,2,4215.6,0.1,,,200.0,,N
Xe,3,4216.71,0.05,,,10.0,,N
Xe,2,4223.0,0.1,,,400.0,h,N
Xe,3,4225.96,0.05,,,0.0,,N
Xe,3,4226.97,0.05,,,13.0,,N
Xe,3,4232.66,0.05,,,1.0,-,N
Xe,1,4235.03,0.2,,,15.0,,Y
Xe,3,4235.76,0.05,,,2.0,a,N
Xe,2,4237.2,0.1,,,-99.0,--,N
Xe,5,4237.66,0.01,,,10.0,,N
Xe,2,4237.96,0.1,,,3.0,bl,N
Xe,2,4238.25,0.1,,,500.0,h,N
Xe,3,4240.24,0.05,,,16.0,,N
Xe,2,4243.88,0.1,,,10.0,,N
Xe,2,4244.41,0.1,,,30.0,,N
Xe,2,4245.38,0.1,,,500.0,h,N
Xe,3,4246.38,0.05,,,2.0,,N
Xe,2,4250.16,0.1,,,-99.0,--,N
Xe,2,4251.57,0.1,,,100.0,H,N
Xe,4,4253.57,0.01,,,11.0,,N
Xe,4,4255.92,0.01,,,15.0,,N
Xe,3,4263.4,0.05,,,12.0,,N
Xe,2,4263.57,0.1,,,10.0,h^,N
Xe,4,4264.96,0.01,,,9.0,,N
Xe,2,4269.84,0.1,,,40.0,,N
Xe,3,4272.58,0.05,,,17.0,,N
Xe,3,4274.14,0.05,,,4.0,,N
Xe,4,4278.51,0.01,,,0.0,,N
Xe,3,4278.91,0.05,,,4.0,,N
Xe,1,4279.16,0.2,,,2.0,*,Y
Xe,1,4279.16,0.2,,,2.0,*,Y
Xe,4,4280.55,0.01,,,12.0,,N
Xe,3,4285.89,0.05,,,20.0,,N
Xe,3,4287.58,0.05,,,5.0,a,N
Xe,2,4295.17,0.1,,,1.0,a,N
Xe,2,4296.4,0.1,,,500.0,h,N
Xe,2,4296.75,0.1,,,2.0,,N
Xe,3,4297.96,0.05,,,1.0,a,N
Xe,6,4299.6,0.8,,,-99.0,--,N
Xe,4,4301.1,0.01,,,0.0,h,N
Xe,5,4305.69,0.01,,,15.0,,N
Xe,3,4305.83,0.05,,,1.0,a,N
Xe,2,4306.21,0.1,,,1.0,h,N
Xe,8,4307.1,0.8,,,-99.0,*,N
Xe,8,4307.1,0.8,,,-99.0,*,N
Xe,3,4308.01,0.05,,,6.0,,N
Xe,3,4309.32,0.05,,,7.0,,N
Xe,2,4310.51,0.1,,,500.0,h,N
Xe,3,4319.85,0.05,,,2.0,,N
Xe,2,4321.82,0.1,,,40.0,,N
Xe,7,4327.8,0.8,,,-99.0,--,N
Xe,2,4330.52,0.1,,,1000.0,,N
Xe,8,4331.6,0.8,,,-99.0,*,N
Xe,8,4331.6,0.8,,,-99.0,*,N
Xe,4,4332.08,0.01,,,7.0,,N
Xe,2,4335.81,0.1,,,10.0,,N
Xe,2,4337.07,0.1,,,30.0,Hl,N
Xe,8,4337.9,0.8,,,-99.0,*,N
Xe,8,4337.9,0.8,,,-99.0,*,N
Xe,2,4342.56,0.1,,,6.0,Hl,N
Xe,1,4354.59,0.2,,,6.0,,Y
Xe,4,4356.26,0.01,,,15.0,,N
Xe,2,4357.28,0.1,,,0.0,,N
Xe,3,4357.63,0.05,,,3.0,,N
Xe,4,4365.33,0.01,,,16.0,,N
Xe,2,4367.05,0.1,,,30.0,H,N
Xe,2,4369.2,0.1,,,200.0,H,N
Xe,1,4372.287,0.002,,,20.0,,Y
Xe,2,4372.46,0.1,,,2.0,h,N
Xe,3,4373.06,0.05,,,3.0,,N
Xe,2,4373.78,0.1,,,100.0,H,N
Xe,4,4373.88,0.01,,,1.0,,N
Xe,2,4379.44,0.1,,,10.0,Hl,N
Xe,4,4380.85,0.01,,,10.0,,N
Xe,1,4383.908,0.002,,,100.0,,Y
Xe,2,4384.93,0.1,,,60.0,,N
Xe,1,4385.768,0.002,,,70.0,,Y
Xe,3,4386.01,0.05,,,4.0,,N
Xe,3,4387.47,0.05,,,4.0,,N
Xe,3,4387.72,0.05,,,4.0,,N
Xe,2,4392.09,0.1,,,0.0,,N
Xe,2,4393.2,0.1,,,500.0,H,N
Xe,3,4395.17,0.05,,,13.0,,N
Xe,2,4395.77,0.1,,,500.0,H,N
Xe,4,4399.17,0.01,,,6.0,,N
Xe,2,4404.54,0.1,,,1.0,,N
Xe,2,4406.88,0.1,,,200.0,H,N
Xe,3,4413.06,0.05,,,8.0,,N
Xe,2,4414.84,0.1,,,300.0,*,N
Xe,2,4414.84,0.1,,,300.0,*,N
Xe,2,4416.07,0.1,,,150.0,H,N
Xe,3,4417.78,0.05,,,2.0,,N
Xe,3,4417.97,0.05,,,3.0,,N
Xe,5,4422.08,0.01,,,12.0,,N
Xe,8,4423.7,0.8,,,-99.0,--,N
Xe,3,4425.25,0.05,,,1.0,-,N
Xe,2,4427.52,0.1,,,2.0,h,N
Xe,4,4428.26,0.01,,,10.0,,N
Xe,4,4429.1,0.01,,,3.0,,N
Xe,4,4430.85,0.01,,,13.0,,N
Xe,3,4434.17,0.05,,,15.0,,N
Xe,2,4440.95,0.1,,,50.0,H,N
Xe,2,4448.13,0.1,,,500.0,H,N
Xe,2,4451.32,0.1,,,1.0,H,N
Xe,3,4453.29,0.05,,,1.0,,N
Xe,3,4453.6,0.05,,,7.0,,N
Xe,2,4462.19,0.1,,,1000.0,,N
Xe,2,4464.6,0.1,,,1.0,^,N
Xe,2,4465.77,0.1,,,-99.0,--,N
Xe,3,4468.16,0.05,,,5.0,,N
Xe,2,4470.9,0.1,,,30.0,,N
Xe,3,4470.9,0.05,,,8.0,bl,N
Xe,3,4480.05,0.05,,,2.0,,N
Xe,2,4480.86,0.1,,,500.0,H,N
Xe,2,4485.95,0.1,,,20.0,,N
Xe,2,4488.6,0.1,,,4.0,H,N
Xe,3,4488.9,0.05,,,4.0,a,N
Xe,2,4488.97,0.1,,,0.0,,N
Xe,3,4492.8,0.05,,,5.0,a*,N
Xe,3,4492.8,0.05,,,5.0,a*,N
Xe,1,4500.978,0.002,C+,,-99.0,--,Y
Xe,3,4503.41,0.05,,,14.0,a,N
Xe,2,4507.11,0.1,,,5.0,h,N
Xe,2,4508.97,0.1,,,0.0,a,N
Xe,5,4515.67,0.01,,,1.0,,N
Xe,2,4521.86,0.1,,,100.0,h,N
Xe,2,4524.21,0.1,,,200.0,,N
Xe,1,4524.6805,0.0005,C+,,-99.0,--,Y
Xe,3,4525.63,0.05,,,1.0,,N
Xe,3,4528.24,0.05,,,2.0,h*,N
Xe,3,4528.24,0.05,,,2.0,h*,N
Xe,2,4532.49,0.1,,,200.0,,N
Xe,2,4535.09,0.1,,,1.0,h,N
Xe,2,4536.92,0.1,,,80.0,H*,N
Xe,2,4536.92,0.1,,,80.0,H*,N
Xe,3,4537.38,0.05,,,9.0,a,N
Xe,2,4540.89,0.1,,,400.0,h,N
Xe,1,4543.99,0.2,,,6.0,,Y
Xe,2,4545.23,0.1,,,400.0,H,N
Xe,2,4550.79,0.1,,,10.0,H,N
Xe,2,4550.91,0.1,,,2.0,bl,N
Xe,3,4555.51,0.05,,,1.0,a,N
Xe,2,4555.94,0.1,,,200.0,H,N
Xe,6,4557.3,0.8,,,-99.0,--,N
Xe,5,4558.49,0.01,,,15.0,,N
Xe,2,4563.0,0.1,,,2.0,H,N
Xe,2,4567.91,0.1,,,-99.0,--,N
Xe,3,4569.12,0.05,,,7.0,,N
Xe,2,4571.85,0.1,,,30.0,Hd,N
Xe,1,4576.6,0.01,,,-99.0,--,Y
Xe,2,4577.06,0.1,,,200.0,H,N
Xe,3,4578.03,0.05,,,2.0,,N
Xe,2,4580.7,0.1,,,80.0,Hl,N
Xe,1,4582.7472,0.0005,C,,-99.0,--,Y
Xe,2,4585.48,0.1,,,500.0,H,N
Xe,4,4587.78,0.01,,,8.0,,N
Xe,2,4591.8,0.1,,,1.0,,N
Xe,2,4592.05,0.1,,,300.0,H,N
Xe,3,4592.98,0.05,,,2.0,h,N
Xe,2,4593.7,0.1,,,6.0,,N
Xe,2,4596.3,0.1,,,1.0,,N
Xe,3,4601.6,0.05,,,2.0,,N
Xe,2,4603.03,0.1,,,600.0,h,N
Xe,1,4611.8882,0.0005,D,,100.0,,Y
Xe,3,4614.83,0.05,,,2.0,,N
Xe,2,4615.06,0.1,,,100.0,h,N
Xe,2,4615.5,0.1,,,200.0,*,N
Xe,2,4615.5,0.1,,,200.0,*,N
Xe,2,4617.5,0.1,,,90.0,hl,N
Xe,2,4619.57,0.1,,,1.0,*,N
Xe,2,4619.57,0.1,,,1.0,*,N
Xe,3,4620.42,0.05,,,6.0,,N
Xe,1,4624.2756,0.0005,,,-99.0,--,Y
Xe,2,4629.99,0.1,,,5.0,*,N
Xe,2,4629.99,0.1,,,5.0,*,N
Xe,3,4631.46,0.01,,,3.0,,N
Xe,3,4631.65,0.05,,,2.0,a,N
Xe,3,4632.64,0.05,,,8.0,,N
Xe,2,4633.3,0.1,,,50.0,,N
Xe,5,4634.49,0.01,,,12.0,,N
Xe,4,4638.29,0.01,,,3.0,,N
Xe,3,4641.4,0.01,,,4.0,*,N
Xe,3,4641.4,0.01,,,4.0,*,N
Xe,8,4642.4,0.8,,,-99.0,--,N
Xe,3,4643.6,0.05,,,1.0,,N
Xe,3,4644.17,0.05,,,5.0,,N
Xe,2,4651.94,0.1,,,200.0,,N
Xe,4,4652.47,0.01,,,6.0,,N
Xe,2,4653.0,0.1,,,40.0,,N
Xe,2,4655.33,0.1,,,-99.0,--,N
Xe,3,4656.73,0.05,,,1.0,h,N
Xe,3,4657.78,0.05,,,17.0,a,N
Xe,1,4662.26,0.2,,,6.0,,Y
Xe,2,4666.28,0.1,,,40.0,Hl,N
Xe,2,4668.49,0.1,,,100.0,,N
Xe,1,4671.2258,0.0005,,,-99.0,--,Y
Xe,3,4671.6,0.05,,,8.0,,N
Xe,3,4671.81,0.05,,,3.0,,N
Xe,2,4672.2,0.1,,,100.0,H,N
Xe,3,4673.67,0.05,,,18.0,a,N
Xe,2,4673.94,0.1,,,1.0,w,N
Xe,2,4674.56,0.1,,,40.0,,N
Xe,2,4675.42,0.1,,,3.0,,N
Xe,2,4676.46,0.1,,,200.0,H,N
Xe,2,4676.75,0.1,,,2.0,,N
Xe,2,4678.31,0.1,,,2.0,h,N
Xe,4,4678.6,0.01,,,5.0,,N
Xe,2,4679.45,0.1,,,3.0,hl,N
Xe,3,4680.73,0.05,,,1.0,h,N
Xe,2,4681.65,0.1,,,1.0,w,N
Xe,3,4683.55,0.05,,,20.0,,N
Xe,3,4685.19,0.05,,,2.0,a,N
Xe,2,4685.86,0.1,,,0.0,,N
Xe,2,4688.2,0.1,,,-99.0,--,N
Xe,1,4690.97,0.002,C+,,100.0,,Y
Xe,2,4692.05,0.1,,,1.0,bl,N
Xe,2,4693.34,0.1,,,15.0,hl,N
Xe,1,4697.0208,0.0005,,,-99.0,--,Y
Xe,3,4697.42,0.05,,,6.0,,N
Xe,2,4698.01,0.1,,,300.0,h,N
Xe,2,4699.62,0.1,,,3.0,Hl,N
Xe,7,4702.0,0.8,,,-99.0,--,N
Xe,2,4704.67,0.1,,,10.0,Hl,N
Xe,1,4708.21,0.01,,,5.0,,Y
Xe,2,4708.92,0.1,,,8.0,hl,N
Xe,3,4712.58,0.05,,,20.0,bl,N
Xe,2,4712.63,0.1,,,40.0,,N
Xe,2,4713.76,0.1,,,0.0,*,N
Xe,2,4713.76,0.1,,,0.0,*,N
Xe,2,4715.18,0.1,,,100.0,,N
Xe,2,4721.0,0.1,,,2.0,Hl,N
Xe,3,4723.6,0.05,,,16.0,,N
Xe,3,4727.21,0.01,,,0.0,,N
Xe,2,4731.19,0.1,,,100.0,h,N
Xe,2,4732.51,0.1,,,15.0,Hl,N
Xe,1,4734.1518,0.0005,C+,,600.0,,Y
Xe,1,4737.49,0.2,,,6.0,,Y
Xe,3,4743.87,0.01,,,3.0,,N
Xe,4,4744.55,0.01,,,6.0,,N
Xe,3,4748.94,0.05,,,18.0,,N
Xe,3,4757.32,0.05,,,10.0,,N
Xe,4,4767.76,0.01,,,10.0,,N
Xe,2,4769.05,0.1,,,150.0,,N
Xe,5,4769.94,0.01,,,7.0,,N
Xe,2,4773.19,0.1,,,80.0,h,N
Xe,2,4775.18,0.1,,,5.0,Hl,N
Xe,2,4775.76,0.1,,,8.0,Hl,N
Xe,2,4779.18,0.1,,,80.0,,N
Xe,3,4781.08,0.05,,,3.0,h,N
Xe,2,4786.65,0.1,,,10.0,Hl,N
Xe,2,4787.77,0.1,,,100.0,,N
Xe,2,4791.84,0.1,,,2.0,h^,N
Xe,2,4792.56,0.1,,,40.0,,N
Xe,1,4792.619,0.002,D+,,150.0,,Y
Xe,3,4794.49,0.05,,,25.0,,N
Xe,2,4795.4,0.1,,,3.0,h^,N
Xe,2,4796.48,0.1,,,6.0,Hl,N
Xe,3,4796.51,0.05,,,8.0,a,N
Xe,4,4797.05,0.01,,,5.0,,N
Xe,2,4798.35,0.1,,,1.0,a,N
Xe,2,4799.45,0.1,,,15.0,Hl,N
Xe,4,4799.71,0.01,,,1.0,,N
Xe,2,4802.1,0.1,,,1.0,,N
Xe,1,4807.019,0.0005,,,500.0,,Y
Xe,2,4817.14,0.1,,,40.0,Hl,N
Xe,2,4818.02,0.1,,,200.0,,N
Xe,2,4823.35,0.1,,,300.0,h,N
Xe,1,4829.708,0.002,D+,,400.0,,Y
Xe,2,4830.25,0.1,,,2.0,H,N
Xe,2,4831.08,0.1,,,2.0,bl,N
Xe,2,4832.2,0.1,,,2.0,,N
Xe,4,4833.57,0.01,,,10.0,,N
Xe,3,4836.28,0.01,,,0.0,,N
Xe,2,4840.87,0.1,,,1.0,*,N
Xe,2,4840.87,0.1,,,1.0,*,N
Xe,8,4841.4,0.8,,,-99.0,--,N
Xe,3,4841.8,0.01,,,1.0,bl,N
Xe,2,4841.85,0.1,,,1.0,bl,N
Xe,1,4843.2934,0.0005,,,300.0,,Y
Xe,4,4843.9,0.01,,,5.0,,N
Xe,2,4844.33,0.1,,,2000.0,,N
Xe,2,4847.82,0.1,,,3.0,,N
Xe,5,4849.3,0.01,,,9.0,,N
Xe,2,4850.2,1.0,,,2.0,h^*,N
Xe,2,4850.2,1.0,,,2.0,h^*,N
Xe,3,4850.93,0.01,,,0.0,,N
Xe,4,4852.39,0.01,,,6.0,,N
Xe,2,4853.77,0.1,,,40.0,,N
Xe,3,4854.8,0.01,,,0.0,,N
Xe,2,4862.45,0.1,,,800.0,h,N
Xe,4,4868.81,0.01,,,3.0,,N
Xe,2,4868.87,0.1,,,1.0,h,N
Xe,3,4869.4,0.05,,,21.0,,N
Xe,4,4874.67,0.01,,,1.0,,N
Xe,2,4876.5,0.1,,,500.0,h,N
Xe,3,4881.05,0.05,,,2.0,,N
Xe,2,4883.53,0.1,,,600.0,h,N
Xe,2,4884.15,0.1,,,100.0,H,N
Xe,4,4885.17,0.05,,,2.0,,N
Xe,2,4887.3,0.1,,,300.0,h,N
Xe,2,4890.09,0.1,,,300.0,h*,N
Xe,2,4890.09,0.1,,,300.0,h*,N
Xe,2,4892.18,0.1,,,2.0,^,N
Xe,2,4899.9,1.0,,,1.0,^,N
Xe,4,4904.69,0.05,,,3.0,,N
Xe,2,4905.2,0.1,,,2.0,H,N
Xe,3,4906.42,0.01,,,0.0,u,N
Xe,1,4916.507,0.002,C+,,500.0,,Y
Xe,3,4918.87,0.05,,,1.0,,N
Xe,2,4919.66,0.1,,,200.0,,N
Xe,2,4921.48,0.1,,,800.0,,N
Xe,1,4923.152,0.002,,,500.0,,Y
Xe,4,4924.24,0.01,,,5.0,,N
Xe,3,4926.72,0.05,,,1.0,a,N
Xe,3,4927.51,0.05,,,5.0,,N
Xe,2,4934.3,1.0,,,1.0,,N
Xe,8,4937.6,0.8,,,-99.0,--,N
Xe,3,4943.57,0.01,,,0.0,,N
Xe,3,4952.53,0.05,,,1.0,,N
Xe,5,4954.13,0.01,,,15.0,,N
Xe,2,4965.0,0.1,,,4.0,Hl,N
Xe,2,4971.71,0.1,,,200.0,H,N
Xe,2,4972.71,0.1,,,400.0,h,N
Xe,2,4974.41,0.1,,,1.0,^,N
Xe,2,4974.87,0.1,,,2.0,h,N
Xe,2,4987.95,0.1,,,0.0,,N
Xe,2,4988.77,0.1,,,300.0,h,N
Xe,2,4991.17,0.1,,,100.0,H,N
Xe,2,4993.03,0.1,,,10.0,,N
Xe,2,4993.93,0.1,,,5.0,Hl,N
Xe,4,4995.44,0.05,,,1.0,,N
Xe,3,4996.1,0.05,,,0.0,,N
Xe,2,5001.01,0.1,,,3.0,h,N
Xe,5,5007.8,0.01,,,12.0,,N
Xe,3,5008.53,0.05,,,23.0,,N
Xe,2,5012.83,0.1,,,50.0,Hl,N
Xe,2,5017.41,0.1,,,1.0,,N
Xe,2,5018.75,0.1,,,1.0,^,N
Xe,3,5023.01,0.05,,,3.0,,N
Xe,1,5023.88,0.01,,,3.0,h,Y
Xe,3,5026.7,0.01,,,0.0,u,N
Xe,1,5028.2794,0.0005,D+,,200.0,,Y
Xe,2,5036.15,0.1,,,3.0,Hl,N
Xe,3,5038.62,0.05,,,2.0,,N
Xe,3,5040.06,0.05,,,1.0,bl,N
Xe,2,5040.06,0.1,,,0.0,bl,N
Xe,3,5041.4,0.05,,,9.0,,N
Xe,2,5044.92,0.1,,,150.0,h,N
Xe,2,5052.54,0.1,,,30.0,h,N
Xe,2,5066.33,0.1,,,3.0,Hl,N
Xe,2,5069.82,0.1,,,10.0,Hw,N
Xe,3,5070.53,0.05,,,1.0,h,N
Xe,2,5073.8,1.0,,,1.0,h^,N
Xe,2,5080.62,0.1,,,600.0,h,N
Xe,2,5081.07,0.1,,,30.0,,N
Xe,2,5091.93,0.1,,,60.0,Hl,N
Xe,2,5099.59,0.1,,,5.0,H,N
Xe,2,5104.0,1.0,,,1.0,Hw*,N
Xe,2,5104.0,1.0,,,1.0,Hw*,N
Xe,3,5107.33,0.05,,,14.0,,N
Xe,2,5108.58,0.1,,,2.0,h,N
Xe,3,5114.53,0.05,,,1.0,,N
Xe,1,5116.46,0.03,,,0.0,,Y
Xe,2,5122.42,0.1,,,200.0,h,N
Xe,2,5125.7,0.1,,,30.0,,N
Xe,6,5127.0,0.8,,,-99.0,--,N
Xe,1,5127.24,0.2,,,6.0,,Y
Xe,3,5142.98,0.05,,,6.0,,N
Xe,3,5148.03,0.05,,,1.0,,N
Xe,5,5151.9,0.01,,,1.0,,N
Xe,5,5159.08,0.01,,,15.0,,N
Xe,1,5162.711,0.002,,,10.0,,Y
Xe,1,5164.39,0.01,,,1.0,h,Y
Xe,2,5164.7,1.0,,,1.0,H-,N
Xe,1,5167.3,0.01,,,1.0,h,Y
Xe,2,5178.82,0.1,,,50.0,h,N
Xe,6,5179.2,0.8,,,-99.0,bl,N
Xe,2,5182.25,0.1,,,0.0,,N
Xe,2,5184.48,0.1,,,50.0,,N
Xe,1,5185.85,0.01,,,2.0,h*,Y
Xe,1,5185.85,0.01,,,2.0,h*,Y
Xe,2,5188.04,0.1,,,200.0,,N
Xe,2,5191.37,0.1,,,300.0,,N
Xe,2,5192.1,0.1,,,80.0,,N
Xe,2,5194.92,0.1,,,5.0,H,N
Xe,2,5199.9,1.0,,,1.0,h^,N
Xe,2,5201.42,0.1,,,20.0,,N
Xe,2,5201.88,0.1,,,10.0,H,N
Xe,3,5203.67,0.05,,,1.0,*,N
Xe,3,5203.67,0.05,,,1.0,*,N
Xe,1,5206.07,0.01,C,,1.0,,Y
Xe,2,5213.17,0.1,,,1.0,h,N
Xe,6,5215.0,0.8,,,-99.0,--,N
Xe,2,5218.2,0.1,,,1.0,H,N
Xe,3,5223.62,0.05,,,11.0,,N
Xe,2,5226.57,0.1,,,20.0,hl,N
Xe,2,5226.9,0.1,,,10.0,hl,N
Xe,3,5229.99,0.05,,,1.0,,N
Xe,3,5233.1,0.05,,,3.0,,N
Xe,3,5233.96,0.05,,,1.0,,N
Xe,6,5236.5,0.8,,,-99.0,*,N
Xe,6,5236.5,0.8,,,-99.0,*,N
Xe,3,5238.92,0.05,,,16.0,,N
Xe,3,5242.67,0.05,,,1.0,,N
Xe,1,5245.27,0.01,,,4.0,h,Y
Xe,2,5247.75,0.1,,,20.0,h,N
Xe,1,5248.98,0.01,,,4.0,h,Y
Xe,1,5251.89,0.01,,,2.0,h,Y
Xe,3,5253.96,0.01,,,1.0,,N
Xe,2,5259.89,0.1,,,30.0,,N
Xe,5,5260.19,0.01,,,15.0,,N
Xe,2,5260.44,0.1,,,200.0,,N
Xe,2,5261.95,0.1,,,200.0,,N
Xe,2,5268.31,0.1,,,50.0,*,N
Xe,2,5268.31,0.1,,,50.0,*,N
Xe,4,5268.85,0.01,,,3.0,,N
Xe,3,5271.35,0.01,,,2.0,,N
Xe,1,5273.48,0.01,,,1.0,h,Y
Xe,2,5282.46,0.1,,,2.0,h,N
Xe,1,5283.3,0.01,,,2.0,h,Y
Xe,6,5285.2,0.8,,,-99.0,--,N
Xe,1,5286.11,0.01,,,4.0,h,Y
Xe,1,5286.38,0.01,,,3.0,h,Y
Xe,4,5288.78,0.01,,,0.0,,N
Xe,2,5291.3,1.0,,,2.0,h,N
Xe,2,5292.22,0.1,,,1000.0,,N
Xe,3,5292.92,0.05,,,4.0,,N
Xe,1,5306.37,0.01,C+,,3.0,,Y
Xe,2,5309.27,0.1,,,200.0,,N
Xe,3,5310.97,0.05,,,7.0,,N
Xe,2,5313.87,0.1,,,800.0,,N
Xe,3,5316.58,0.01,,,0.0,,N
Xe,3,5318.3,0.01,,,0.0,,N
Xe,2,5319.83,0.1,,,3.0,^,N
Xe,3,5321.57,0.01,,,1.0,bl,N
Xe,3,5322.8,0.05,,,1.0,,N
Xe,4,5325.12,0.01,,,12.0,,N
Xe,2,5327.83,0.1,,,3.0,,N
Xe,4,5330.17,0.01,,,1.0,*,N
Xe,4,5330.17,0.01,,,1.0,*,N
Xe,3,5332.98,0.01,,,0.0,bl,N
Xe,1,5335.91,0.01,,,1.0,h-,Y
Xe,1,5337.89,0.01,,,2.0,h,Y
Xe,2,5339.33,0.1,,,1000.0,,N
Xe,4,5341.31,0.01,,,5.0,,N
Xe,3,5347.17,0.05,,,5.0,,N
Xe,3,5347.87,0.05,,,6.0,,N
Xe,5,5352.92,0.01,,,16.0,,N
Xe,1,5356.8,0.01,,,1.0,,N
Xe,1,5362.244,0.002,,,15.0,,Y
Xe,2,5363.2,0.1,,,150.0,,N
Xe,3,5364.39,0.05,,,1.0,,N
Xe,1,5364.626,0.002,,,30.0,,Y
Xe,3,5367.03,0.05,,,14.0,,N
Xe,1,5367.03,0.01,,,6.0,,Y
Xe,2,5368.07,0.1,,,100.0,,N
Xe,3,5371.01,0.05,,,2.0,,N
Xe,2,5372.39,0.1,,,300.0,,N
Xe,3,5372.83,0.05,,,3.0,a,N
Xe,1,5373.74,0.01,,,1.0,h-,Y
Xe,4,5377.65,0.01,,,1.0,,N
Xe,4,5379.85,0.01,,,6.0,,N
Xe,3,5384.15,0.05,,,1.0,,N
Xe,3,5386.64,0.05,,,6.0,,N
Xe,1,5392.795,0.002,,,100.0,,Y
Xe,5,5394.62,0.01,,,15.0,,N
Xe,1,5394.738,0.002,,,20.0,,Y
Xe,1,5397.63,0.01,,,1.0,h,Y
Xe,1,5400.45,0.01,,,4.0,h,Y
Xe,3,5401.01,0.05,,,17.0,,N
Xe,3,5413.49,0.05,,,10.0,,N
Xe,2,5415.36,0.1,,,50.0,H^,N
Xe,4,5416.62,0.01,,,6.0,,N
Xe,1,5418.02,0.01,,,5.0,,Y
Xe,2,5419.15,0.1,,,2000.0,,N
Xe,1,5421.76,0.01,,,2.0,h,Y
Xe,3,5426.68,0.01,,,0.0,bl,N
Xe,2,5428.07,0.1,,,2.0,hs^,N
Xe,3,5431.38,0.01,,,0.0,,N
Xe,4,5432.74,0.01,,,6.0,,N
Xe,1,5435.6,0.01,,,5.0,h,Y
Xe,2,5438.96,0.1,,,400.0,,N
Xe,1,5439.923,0.002,,,30.0,,Y
Xe,1,5440.39,0.01,,,15.0,,Y
Xe,1,5444.87,0.01,,,1.0,h,Y
Xe,2,5445.45,0.1,,,150.0,,N
Xe,3,5448.54,0.01,,,0.0,,N
Xe,2,5450.45,0.1,,,100.0,,N
Xe,2,5450.9,0.1,,,20.0,,N
Xe,3,5453.06,0.05,,,5.0,,N
Xe,3,5454.32,0.05,,,3.0,,N
Xe,1,5454.54,0.01,,,1.0,h,Y
Xe,1,5456.45,0.01,,,2.0,,Y
Xe,1,5460.037,0.002,B+,,15.0,,Y
Xe,2,5460.39,0.1,,,300.0,,N
Xe,3,5462.12,0.05,,,1.0,,N
Xe,2,5469.54,0.1,,,20.0,h,N
Xe,3,5470.94,0.05,,,2.0,,N
Xe,2,5472.61,0.1,,,500.0,,N
Xe,1,5479.12,0.01,,,1.0,h,Y
Xe,2,5481.13,0.1,,,1.0,h,N
Xe,3,5481.19,0.05,,,1.0,,N
Xe,1,5481.33,0.01,,,1.0,h,Y
Xe,4,5483.83,0.01,,,3.0,,N
Xe,1,5484.16,0.01,,,1.0,h,Y
Xe,1,5484.46,0.01,,,4.0,h,Y
Xe,1,5487.03,0.01,,,6.0,h,Y
Xe,1,5488.555,0.002,,,20.0,h,Y
Xe,3,5503.98,0.05,,,2.0,,N
Xe,2,5507.46,0.1,,,2.0,h,N
Xe,3,5509.65,0.05,,,3.0,*,N
Xe,3,5509.65,0.05,,,3.0,*,N
Xe,3,5510.53,0.05,,,2.0,,N
Xe,2,5518.56,0.1,,,1.0,,N
Xe,2,5518.77,0.1,,,1.0,,N
Xe,1,5523.05,0.03,,,1.0,,Y
Xe,3,5524.33,0.05,,,8.0,,N
Xe,2,5525.53,0.1,,,50.0,,N
Xe,2,5531.07,0.1,,,400.0,,N
Xe,1,5532.78,0.01,B+,,2.0,h,Y
Xe,3,5533.61,0.01,,,0.0,,N
Xe,3,5537.2,0.01,,,0.0,,N
Xe,3,5540.33,0.01,,,0.0,,N
Xe,1,5540.38,0.01,,,3.0,h*,Y
Xe,1,5540.38,0.01,,,3.0,h*,Y
Xe,3,5545.61,0.01,,,0.0,,N
Xe,3,5548.05,0.05,,,2.0,,N
Xe,2,5551.5,0.1,,,4.0,Hs^,N
Xe,1,5552.385,0.002,,,80.0,,Y
Xe,3,5552.78,0.05,,,5.0,,N
Xe,1,5553.1,0.01,,,3.0,h,Y
Xe,1,5555.06,0.01,,,1.0,-,Y
Xe,1,5557.28,0.01,C+,,2.0,,Y
Xe,1,5563.5,0.01,,,2.0,,Y
Xe,3,5565.83,0.05,,,1.0,a,N
Xe,1,5566.615,0.002,,,100.0,,Y
Xe,1,5567.77,0.01,,,2.0,h,Y
Xe,3,5567.88,0.01,,,0.0,,N
Xe,3,5570.07,0.01,,,0.0,*,N
Xe,3,5570.07,0.01,,,0.0,*,N
Xe,2,5570.91,0.1,,,1.0,,N
Xe,2,5572.19,0.1,,,50.0,,N
Xe,1,5575.27,0.01,,,2.0,h,Y
Xe,1,5579.28,0.01,,,40.0,,Y
Xe,4,5580.31,0.01,,,9.0,,N
Xe,1,5581.784,0.002,,,50.0,,Y
Xe,2,5583.5,1.0,,,2.0,H,N
Xe,1,5585.18,0.01,,,1.0,-,Y
Xe,2,5591.61,0.1,,,2.0,H,N
Xe,1,5594.37,0.01,,,6.0,,Y
Xe,2,5594.87,0.1,,,15.0,Hw,N
Xe,5,5602.83,0.01,,,9.0,,N
Xe,3,5604.33,0.05,,,4.0,,N
Xe,4,5606.01,0.01,,,10.0,,N
Xe,1,5607.99,0.01,,,3.0,,Y
Xe,3,5610.18,0.05,,,2.0,,N
Xe,1,5612.65,0.01,,,15.0,,Y
Xe,2,5612.89,0.1,,,1.0,h-,N
Xe,2,5616.67,0.1,,,150.0,,N
Xe,1,5618.878,0.002,,,80.0,,Y
Xe,1,5621.24,0.01,,,1.0,,Y
Xe,2,5624.78,0.1,,,1.0,Hl*,N
Xe,2,5624.78,0.1,,,1.0,Hl*,N
Xe,2,5633.24,0.1,,,3.0,H,N
Xe,3,5641.26,0.05,,,1.0,,N
Xe,1,5646.19,0.01,B+,,5.0,,Y
Xe,2,5650.53,0.1,,,1.0,h,N
Xe,1,5652.84,0.01,,,2.0,h,Y
Xe,3,5653.87,0.05,,,1.0,,N
Xe,1,5654.31,0.01,,,1.0,h-,Y
Xe,3,5657.24,0.05,,,1.0,,N
Xe,2,5659.38,0.1,,,150.0,,N
Xe,3,5663.85,0.05,,,1.0,,N
Xe,1,5664.46,0.01,,,1.0,h,Y
Xe,3,5666.27,0.01,,,2.0,,N
Xe,2,5667.56,0.1,,,300.0,,N
Xe,2,5670.91,0.1,,,50.0,,N
Xe,2,5675.15,0.1,,,1.0,,N
Xe,2,5681.87,0.1,,,1.0,h,N
Xe,2,5686.49,0.1,,,2.0,h,N
Xe,2,5688.2,0.1,,,2.0,^,N
Xe,1,5688.373,0.002,,,40.0,,Y
Xe,4,5689.64,0.01,,,2.0,,N
Xe,1,5695.75,0.002,,,100.0,,Y
Xe,1,5696.477,0.002,,,80.0,,Y
Xe,1,5698.54,0.01,,,8.0,,Y
Xe,2,5699.61,0.1,,,100.0,,N
Xe,3,5701.24,0.05,,,3.0,,N
Xe,1,5703.34,0.01,,,1.0,,Y
Xe,1,5706.87,0.01,C+,,3.0,,Y
Xe,1,5709.8,0.01,,,10.0,h,Y
Xe,3,5711.8,0.01,,,0.0,,N
Xe,1,5712.21,0.01,,,2.0,,Y
Xe,1,5715.716,0.002,C+,,70.0,,Y
Xe,2,5716.1,0.1,,,100.0,H,N
Xe,1,5716.252,0.002,,,80.0,,Y
Xe,2,5719.61,0.1,,,200.0,,N
Xe,1,5722.14,0.01,B+,,15.0,h,Y
Xe,1,5723.26,0.01,,,1.0,h,Y
Xe,1,5726.1,0.01,C+,,4.0,,Y
Xe,2,5726.91,0.1,,,200.0,,N
Xe,2,5730.56,0.1,,,0.0,,N
Xe,1,5733.48,0.01,,,4.0,h,Y
Xe,1,5740.17,0.01,,,6.0,,Y
Xe,1,5740.73,0.01,,,1.0,h,Y
Xe,2,5744.2,1.0,,,1.0,^,N
Xe,1,5748.2,0.01,,,8.0,h,Y
Xe,3,5748.67,0.05,,,6.0,,N
Xe,2,5751.03,0.1,,,200.0,,N
Xe,2,5752.56,0.1,,,10.0,,N
Xe,3,5754.03,0.05,,,4.0,,N
Xe,1,5754.6,0.01,,,1.0,h,Y
Xe,2,5758.65,0.1,,,100.0,,N
Xe,3,5761.94,0.05,,,1.0,,N
Xe,2,5776.39,0.1,,,100.0,,N
Xe,3,5780.51,0.05,,,2.0,,N
Xe,2,5780.83,0.1,,,1.0,-,N
Xe,2,5791.88,0.1,,,1.0,hl,N
Xe,1,5792.26,0.01,C,,1.0,h,Y
Xe,1,5807.311,0.002,,,15.0,,N
Xe,2,5809.5,1.0,,,1.0,Hw,N
Xe,1,5814.505,0.002,,,60.0,,Y
Xe,2,5815.96,0.1,,,50.0,,N
Xe,8,5819.5,0.8,,,-99.0,--,N
Xe,1,5820.52,0.01,B+,,25.0,,Y
Xe,2,5821.57,0.1,,,1.0,-,N
Xe,1,5823.89,0.002,,,300.0,,Y
Xe,2,5824.79,0.1,,,1.0,-,N
Xe,1,5824.8,0.002,,,150.0,,Y
Xe,1,5827.72,0.01,,,1.0,,Y
Xe,1,5830.63,0.01,,,20.0,h,Y
Xe,2,5835.5,1.0,,,5.0,Hw,N
Xe,1,5840.83,0.01,,,4.0,h,Y
Xe,1,5843.43,0.01,,,5.0,,Y
Xe,1,5845.46,0.01,,,1.0,,Y
Xe,1,5846.21,0.01,,,2.0,,Y
Xe,2,5849.28,0.1,,,0.0,,N
Xe,1,5849.85,0.01,,,3.0,h,Y
Xe,2,5855.47,0.1,,,1.0,,N
Xe,1,5856.509,0.002,,,15.0,,Y
Xe,3,5857.55,0.05,,,3.0,,N
Xe,2,5859.47,0.1,,,2.0,H,N
Xe,1,5875.018,0.002,,,100.0,,N
Xe,2,5877.25,0.1,,,1.0,-,N
Xe,1,5878.92,0.01,,,6.0,,Y
Xe,1,5889.12,0.01,,,20.0,,Y
Xe,2,5889.82,0.1,,,4.0,,N
Xe,2,5890.26,0.1,,,0.0,,N
Xe,2,5891.7,0.1,,,4.0,,N
Xe,2,5893.29,0.1,,,150.0,,N
Xe,1,5894.988,0.002,,,100.0,,Y
Xe,1,5895.62,0.01,,,2.0,h,Y
Xe,1,5898.56,0.01,,,8.0,,N
Xe,5,5899.11,0.01,,,2.0,,N
Xe,3,5904.13,0.01,,,0.0,,N
Xe,1,5904.462,0.002,,,20.0,,N
Xe,2,5905.13,0.1,,,200.0,,N
Xe,1,5906.76,0.01,,,3.0,,N
Xe,2,5909.67,0.1,,,30.0,h,N
Xe,1,5911.9,0.01,,,5.0,*,N
Xe,1,5911.9,0.01,,,5.0,*,N
Xe,2,5912.8,0.1,,,5.0,h,N
Xe,2,5913.32,0.1,,,1.0,,N
Xe,3,5913.6,0.05,,,1.0,(),N
Xe,1,5916.65,0.01,,,4.0,,N
Xe,2,5917.44,0.1,,,50.0,,N
Xe,2,5921.5,0.1,,,1.0,,N
Xe,1,5921.85,0.01,,,10.0,,N
Xe,1,5922.55,0.002,,,20.0,,N
Xe,1,5925.56,0.01,,,6.0,,Y
Xe,2,5928.15,0.1,,,3.0,H^,N
Xe,1,5931.241,0.002,,,80.0,,Y
Xe,2,5934.14,0.1,,,2.0,,N
Xe,1,5934.172,0.002,,,100.0,,N
Xe,2,5934.55,0.1,,,1.0,H,N
Xe,2,5934.99,0.1,,,0.0,,N
Xe,2,5945.53,0.1,,,300.0,,N
Xe,5,5955.67,0.01,,,12.0,,N
Xe,2,5958.03,0.1,,,50.0,,N
Xe,3,5961.15,0.05,,,10.0,()H,N
Xe,1,5963.28,0.2,,,4.0,,N
Xe,2,5964.52,0.1,,,1.0,-,N
Xe,3,5970.0,0.05,,,1.0,(),N
Xe,2,5971.13,0.1,,,200.0,,N
Xe,1,5972.82,0.01,,,1.0,h,Y
Xe,2,5973.0,1.0,,,1.0,h,N
Xe,1,5974.152,0.002,,,40.0,,Y
Xe,2,5976.46,0.1,,,1000.0,,N
Xe,1,5978.29,0.01,,,2.0,,Y
Xe,2,5979.2,1.0,,,1.0,H,N
Xe,1,5979.42,0.01,,,1.0,,Y
Xe,1,5986.23,0.01,,,4.0,,N
Xe,2,5988.44,0.1,,,1.0,,N
Xe,1,5989.18,0.01,,,30.0,,N
Xe,2,5991.86,0.1,,,1.0,H,N
Xe,4,5992.71,0.01,,,3.0,,N
Xe,1,5998.115,0.002,B+,,30.0,,N
Xe,2,5998.3,1.0,,,1.0,^,N
Xe,2,5998.67,0.1,,,0.0,bl,N
Xe,2,6000.3,1.0,,,1.0,-,N
Xe,1,6007.909,0.002,B+,,15.0,,Y
Xe,2,6008.92,0.1,,,100.0,,N
Xe,1,6009.78,0.01,,,8.0,,Y
Xe,1,6014.1,0.01,C,,1.0,h,Y
Xe,1,6022.89,0.01,,,1.0,h-,Y
Xe,2,6024.14,0.1,,,2.0,^,N
Xe,2,6024.58,0.1,,,3.0,H,N
Xe,3,6026.51,0.05,,,1.0,a,N
Xe,1,6026.76,0.01,,,4.0,,Y
Xe,1,6029.78,0.2,,,15.0,*,Y
Xe,1,6029.78,0.2,,,15.0,*,Y
Xe,1,6031.36,0.01,,,1.0,h-,Y
Xe,1,6034.92,0.01,,,2.0,,Y
Xe,3,6035.31,0.01,,,0.0,,N
Xe,2,6036.2,0.1,,,500.0,,N
Xe,4,6038.97,0.01,,,1.0,,N
Xe,1,6043.38,0.01,,,10.0,,N
Xe,1,6048.0,0.01,,,6.0,h,N
Xe,2,6048.53,0.1,,,5.0,h^,N
Xe,2,6051.15,0.1,,,1000.0,,N
Xe,3,6060.35,0.05,,,1.0,(),N
Xe,3,6064.5,0.01,,,0.0,,N
Xe,1,6064.91,0.01,,,1.0,h,N
Xe,1,6067.52,0.01,,,2.0,h,N
Xe,1,6067.77,0.01,,,1.0,h,N
Xe,2,6083.21,0.1,,,1.0,h-,N
Xe,1,6093.38,0.01,,,3.0,,Y
Xe,2,6093.5,0.1,,,300.0,,N
Xe,1,6095.15,0.01,,,1.0,-,Y
Xe,2,6097.59,0.1,,,1000.0,,N
Xe,2,6101.43,0.1,,,200.0,,N
Xe,1,6103.88,0.01,,,3.0,,Y
Xe,2,6107.64,0.1,,,0.0,,N
Xe,1,6108.37,0.01,C+,,8.0,,Y
Xe,3,6110.35,0.05,,,3.0,,N
Xe,1,6111.761,0.002,,,30.0,,Y
Xe,3,6111.78,0.05,,,0.0,a,N
Xe,3,6111.9,0.05,,,0.0,a,N
Xe,1,6111.951,0.002,C,,40.0,,Y
Xe,1,6114.86,0.01,,,10.0,,Y
Xe,2,6115.08,0.1,,,50.0,,N
Xe,1,6123.91,0.01,,,5.0,,Y
Xe,1,6126.36,0.01,,,15.0,,Y
Xe,2,6127.44,0.1,,,2.0,,N
Xe,3,6129.1,0.05,,,1.0,,N
Xe,1,6131.47,0.01,,,1.0,,Y
Xe,3,6135.21,0.01,,,0.0,,N
Xe,1,6142.13,0.01,,,1.0,h,Y
Xe,2,6143.4,0.1,,,1.0,h,N
Xe,1,6143.7,0.01,,,4.0,,Y
Xe,1,6144.97,0.01,,,20.0,hw,Y
Xe,2,6146.45,0.1,,,50.0,,N
Xe,1,6152.07,0.002,,,20.0,,Y
Xe,2,6155.28,0.1,,,1.0,Hw-,N
Xe,1,6162.16,0.01,,,3.0,,Y
Xe,1,6163.661,0.002,,,90.0,,Y
Xe,3,6163.87,0.01,,,0.0,bl,N
Xe,1,6163.935,0.002,,,80.0,,Y
Xe,1,6178.303,0.002,,,150.0,,N
Xe,1,6179.665,0.002,,,120.0,,N
Xe,1,6182.42,0.002,,,300.0,,N
Xe,1,6184.16,0.01,,,3.0,,N
Xe,2,6184.57,0.1,,,20.0,,N
Xe,2,6185.03,0.1,,,15.0,,N
Xe,2,6185.79,0.1,,,1.0,H^,N
Xe,1,6189.1,0.01,,,20.0,,N
Xe,1,6191.4,0.01,,,4.0,h,N
Xe,1,6193.89,0.01,,,1.0,h,N
Xe,2,6194.07,0.1,,,300.0,,N
Xe,1,6195.49,0.01,,,1.0,,Y
Xe,3,6196.42,0.05,,,1.0,,N
Xe,1,6198.26,0.002,B+,,100.0,,Y
Xe,1,6200.892,0.002,,,60.0,,Y
Xe,1,6201.49,0.01,,,3.0,h,Y
Xe,2,6203.45,0.1,,,1.0,h^,N
Xe,3,6203.81,0.05,,,1.0,,N
Xe,1,6205.35,0.01,,,6.0,h,N
Xe,1,6205.75,0.01,,,4.0,,N
Xe,3,6205.96,0.05,,,10.0,,N
Xe,1,6206.297,0.002,,,20.0,,N
Xe,1,6209.11,0.01,,,3.0,,N
Xe,1,6220.84,0.01,,,1.0,,Y
Xe,3,6221.64,0.05,,,5.0,,N
Xe,1,6224.168,0.002,,,40.0,,N
Xe,1,6230.81,0.2,,,4.0,*,N
Xe,1,6230.81,0.2,,,4.0,*,N
Xe,2,6235.4,0.1,,,1.0,h,N
Xe,3,6238.19,0.05,,,13.0,,N
Xe,1,6242.09,0.01,,,8.0,,Y
Xe,2,6255.32,0.1,,,2.0,Hl^,N
Xe,3,6259.05,0.05,,,14.0,,N
Xe,3,6260.1,0.05,,,7.0,,N
Xe,1,6261.212,0.002,,,50.0,,N
Xe,1,6265.302,0.002,,,40.0,*,Y
Xe,1,6265.302,0.002,,,40.0,*,Y
Xe,3,6268.33,0.05,,,1.0,,N
Xe,1,6268.34,0.01,,,1.0,h,Y
Xe,2,6270.82,0.1,,,400.0,,N
Xe,1,6273.23,0.01,,,10.0,,N
Xe,3,6273.33,0.05,,,2.0,,N
Xe,3,6275.94,0.05,,,1.0,a,N
Xe,1,6276.99,0.01,,,4.0,,N
Xe,2,6277.54,0.1,,,300.0,,N
Xe,1,6281.81,0.01,,,5.0,h,Y
Xe,3,6283.74,0.05,,,2.0,,N
Xe,2,6284.41,0.1,,,50.0,,N
Xe,1,6286.011,0.002,,,100.0,,Y
Xe,1,6292.649,0.002,,,50.0,,N
Xe,1,6294.45,0.01,,,15.0,,N
Xe,2,6296.39,0.1,,,10.0,H^,N
Xe,2,6298.31,0.1,,,20.0,,N
Xe,2,6300.86,0.1,,,100.0,,N
Xe,2,6305.01,0.1,,,1.0,h,N
Xe,2,6311.46,0.1,,,5.0,Hw,N
Xe,1,6314.97,0.01,B+,,15.0,,N
Xe,2,6318.03,0.1,,,5.0,,N
Xe,1,6318.062,0.002,,,500.0,,N
Xe,1,6325.81,0.01,C,,2.0,,N
Xe,1,6331.5,0.01,,,20.0,,Y
Xe,3,6333.9,0.05,,,6.0,,N
Xe,1,6333.97,0.01,,,40.0,hl,Y
Xe,1,6337.58,0.01,,,8.0,hl,Y
Xe,3,6341.26,0.05,,,3.0,,N
Xe,2,6343.96,0.1,,,300.0,,N
Xe,1,6344.98,0.01,,,2.0,h,Y
Xe,2,6353.2,0.1,,,50.0,Hl,N
Xe,1,6355.77,0.01,,,20.0,,N
Xe,2,6356.35,0.1,,,500.0,,N
Xe,3,6367.63,0.05,,,3.0,,N
Xe,4,6371.09,0.01,,,1.0,,N
Xe,3,6371.65,0.05,,,3.0,h,N
Xe,2,6375.28,0.1,,,100.0,,N
Xe,1,6383.24,0.13,,,-99.0,--,Y
Xe,3,6396.07,0.05,,,1.0,,N
Xe,2,6397.99,0.1,,,60.0,,N
Xe,1,6407.05,0.13,,,-99.0,--,Y
Xe,3,6407.53,0.05,,,1.0,,N
Xe,3,6409.67,0.05,,,1.0,,N
Xe,1,6412.38,0.01,,,10.0,,Y
Xe,1,6418.41,0.01,,,30.0,,Y
Xe,2,6418.58,0.1,,,20.0,,N
Xe,1,6418.98,0.01,,,30.0,h,Y
Xe,1,6421.33,0.13,,,-99.0,--,N
Xe,2,6421.47,0.1,,,1.0,^,N
Xe,2,6426.73,0.1,,,2.0,H^,N
Xe,1,6430.155,0.002,B+,,20.0,,Y
Xe,1,6435.01,0.13,,,-99.0,--,Y
Xe,1,6438.32,0.13,,,-99.0,--,Y
Xe,1,6438.9,0.13,,,-99.0,--,Y
Xe,2,6440.18,0.1,,,2.0,H^,N
Xe,2,6442.3,1.0,,,1.0,H^,N
Xe,1,6448.7,0.01,,,2.0,h*,N
Xe,1,6448.7,0.01,,,2.0,h*,N
Xe,4,6450.34,0.01,,,1.0,,N
Xe,1,6450.48,0.01,,,7.0,,N
Xe,1,6451.79,0.01,,,10.0,hl,Y
Xe,3,6454.53,0.05,,,2.0,,N
Xe,3,6456.1,0.05,,,3.0,,N
Xe,1,6458.71,0.13,,,-99.0,--,Y
Xe,2,6461.48,0.1,,,10.0,H^,N
Xe,1,6461.5,0.01,C+,,3.0,,Y
Xe,3,6462.19,0.05,,,1.0,,N
Xe,1,6469.705,0.002,,,300.0,,Y
Xe,1,6472.841,0.002,,,150.0,,Y
Xe,2,6479.69,0.1,,,2.0,H,N
Xe,1,6483.63,0.13,,,-99.0,--,Y
Xe,2,6483.97,0.1,,,0.0,,N
Xe,3,6484.78,0.05,,,3.0,,N
Xe,1,6487.765,0.002,,,120.0,,Y
Xe,3,6493.33,0.05,,,1.0,,N
Xe,1,6497.43,0.01,,,30.0,hl,Y
Xe,1,6498.717,0.002,,,100.0,,Y
Xe,1,6500.37,0.01,,,15.0,*,Y
Xe,1,6500.37,0.01,,,15.0,*,Y
Xe,3,6501.08,0.05,,,7.0,,N
Xe,2,6502.47,0.1,,,0.0,,N
Xe,1,6504.18,0.01,,,200.0,h,Y
Xe,1,6504.38,0.13,,,-99.0,--,Y
Xe,1,6507.5,0.01,,,-99.0,--,Y
Xe,2,6510.06,0.1,,,0.0,,N
Xe,2,6512.28,0.1,,,0.0,,N
Xe,2,6512.83,0.1,,,300.0,h,N
Xe,3,6513.62,0.05,,,2.0,,N
Xe,2,6515.48,0.1,,,1.0,H*,N
Xe,2,6515.48,0.1,,,1.0,H*,N
Xe,1,6521.508,0.002,,,40.0,,Y
Xe,2,6528.65,0.1,,,200.0,h,N
Xe,3,6530.17,0.05,,,7.0,,N
Xe,1,6533.159,0.002,B+,,100.0,,Y
Xe,3,6541.47,0.05,,,2.0,,N
Xe,1,6543.36,0.002,B+,,40.0,,Y
Xe,2,6545.58,0.1,,,4.0,w,N
Xe,3,6545.58,0.01,,,4.0,w,N
Xe,1,6546.12,0.01,,,20.0,,Y
Xe,1,6552.6,0.13,,,-99.0,--,Y
Xe,1,6552.99,0.13,,,-99.0,--,Y
Xe,1,6553.66,0.01,,,4.0,,Y
Xe,1,6554.196,0.002,,,50.0,hl,Y
Xe,3,6556.35,0.05,,,3.0,a,N
Xe,2,6556.7,0.1,,,4.0,,N
Xe,3,6558.5,0.05,,,6.0,()Hw,N
Xe,1,6558.62,0.13,,,-99.0,--,Y
Xe,1,6559.97,0.01,,,25.0,,Y
Xe,1,6560.65,0.01,,,4.0,h,Y
Xe,3,6561.36,0.01,,,1.0,bl,N
Xe,2,6563.19,0.1,,,15.0,,N
Xe,1,6568.39,0.2,,,30.0,,Y
Xe,2,6569.13,0.1,,,5.0,,N
Xe,2,6573.68,0.1,,,30.0,,N
Xe,1,6583.27,0.01,,,20.0,,Y
Xe,3,6585.26,0.05,,,3.0,,N
Xe,4,6588.17,0.01,,,1.0,,N
Xe,1,6590.86,0.01,,,8.0,,Y
Xe,1,6593.27,0.13,,,-99.0,--,Y
Xe,2,6595.01,0.1,,,800.0,,N
Xe,1,6595.561,0.002,,,100.0,,Y
Xe,2,6597.25,0.1,,,300.0,,N
Xe,2,6598.84,0.1,,,80.0,,N
Xe,1,6599.71,0.13,,,-99.0,--,Y
Xe,1,6601.58,0.13,,,-99.0,--,Y
Xe,1,6602.06,0.13,,,-99.0,--,Y
Xe,1,6602.87,0.01,,,4.0,h*,Y
Xe,1,6602.87,0.01,,,4.0,h*,Y
Xe,1,6604.46,0.13,,,-99.0,--,Y
Xe,1,6604.98,0.13,,,-99.0,--,Y
Xe,1,6607.41,0.01,,,30.0,h,Y
Xe,3,6608.3,0.05,,,2.0,,N
Xe,1,6608.87,0.01,,,10.0,,Y
Xe,3,6611.28,0.05,,,7.0,,N
Xe,2,6614.96,0.1,,,10.0,H,N
Xe,2,6618.4,0.1,,,50.0,,N
Xe,3,6619.33,0.05,,,15.0,,N
Xe,2,6619.33,0.1,,,3.0,,N
Xe,2,6620.02,0.1,,,200.0,h,N
Xe,1,6621.08,0.13,,,-99.0,--,Y
Xe,3,6622.88,0.05,,,2.0,,N
Xe,3,6625.46,0.05,,,8.0,,N
Xe,1,6630.44,0.01,,,2.0,,Y
Xe,1,6632.464,0.002,,,50.0,,Y
Xe,2,6634.13,0.1,,,6.0,Hl,N
Xe,1,6636.38,0.13,,,-99.0,--,Y
Xe,3,6638.35,0.05,,,3.0,a,N
Xe,2,6638.85,0.1,,,2.0,h,N
Xe,2,6642.9,1.0,,,1.0,h,N
Xe,1,6648.75,0.01,,,3.0,,Y
Xe,5,6653.85,0.01,,,1.0,,N
Xe,1,6654.67,0.13,,,-99.0,--,N
Xe,3,6656.17,0.05,,,15.0,,N
Xe,3,6657.74,0.05,,,2.0,,N
Xe,1,6657.92,0.01,,,20.0,,Y
Xe,2,6663.1,1.0,,,2.0,,N
Xe,1,6664.85,0.01,,,4.0,,Y
Xe,3,6665.55,0.05,,,2.0,,N
Xe,2,6665.59,0.1,,,2.0,,N
Xe,1,6665.67,0.13,,,-99.0,--,N
Xe,1,6666.29,0.13,,,-99.0,--,N
Xe,1,6666.965,0.002,B+,,60.0,,N
Xe,1,6668.92,0.002,,,150.0,,N
Xe,1,6676.53,0.13,,,-99.0,--,Y
Xe,1,6678.972,0.002,,,25.0,,Y
Xe,1,6681.036,0.002,,,20.0,,Y
Xe,1,6684.79,0.2,,,30.0,*,Y
Xe,1,6684.79,0.2,,,30.0,*,Y
Xe,2,6691.22,0.1,,,1.0,,N
Xe,2,6694.32,0.1,,,400.0,h,N
Xe,3,6698.81,0.05,,,2.0,,N
Xe,2,6702.25,0.1,,,80.0,,N
Xe,1,6703.26,0.13,,,-99.0,--,Y
Xe,1,6703.62,0.13,,,-99.0,--,Y
Xe,1,6705.46,0.13,,,-99.0,--,Y
Xe,1,6706.46,0.01,,,1.0,,Y
Xe,1,6708.25,0.2,,,3.0,*,Y
Xe,1,6708.25,0.2,,,3.0,*,Y
Xe,1,6708.25,0.2,,,3.0,*,Y
Xe,3,6710.6,0.05,,,0.0,,N
Xe,1,6712.93,0.2,,,3.0,*,Y
Xe,1,6712.93,0.2,,,3.0,*,Y
Xe,1,6712.93,0.2,,,3.0,*,Y
Xe,1,6719.39,0.13,,,-99.0,--,Y
Xe,1,6721.38,0.13,,,-99.0,--,Y
Xe,3,6722.74,0.05,,,6.0,,N
Xe,1,6728.008,0.002,,,200.0,,Y
Xe,1,6728.57,0.13,,,-99.0,f,Y
Xe,3,6733.87,0.05,,,15.0,,N
Xe,1,6736.14,0.13,,,-99.0,--,N
Xe,1,6736.5,0.13,,,-99.0,--,N
Xe,2,6744.27,0.1,,,0.0,,N
Xe,1,6751.93,0.13,,,-99.0,--,Y
Xe,1,6752.79,0.13,,,-99.0,--,Y
Xe,2,6756.83,0.1,,,0.0,,N
Xe,3,6759.44,0.05,,,2.0,h,N
Xe,1,6767.12,0.01,,,10.0,,Y
Xe,3,6767.94,0.05,,,4.0,,N
Xe,1,6777.57,0.01,,,50.0,,Y
Xe,4,6777.57,0.01,,,1.0,,N
Xe,1,6778.6,0.01,,,40.0,,Y
Xe,3,6780.4,0.05,,,22.0,a,N
Xe,2,6788.71,0.1,,,100.0,h,N
Xe,2,6790.37,0.1,,,80.0,h,N
Xe,3,6799.47,0.05,,,4.0,,N
Xe,2,6805.74,0.1,,,1000.0,,N
Xe,1,6808.12,0.2,,,5.0,,Y
Xe,1,6815.64,0.01,B+,,12.0,,Y
Xe,3,6815.76,0.05,,,0.0,h,N
Xe,3,6818.16,0.05,,,5.0,,N
Xe,1,6818.38,0.01,,,15.0,,Y
Xe,3,6826.81,0.05,,,0.0,,N
Xe,1,6827.315,0.002,,,200.0,,Y
Xe,1,6840.96,0.01,,,8.0,,Y
Xe,1,6841.5,0.01,,,20.0,*,Y
Xe,1,6841.5,0.01,,,20.0,*,Y
Xe,1,6844.27,0.01,,,1.0,,Y
Xe,1,6844.84,0.01,,,2.0,h,Y
Xe,1,6846.613,0.002,,,60.0,,Y
Xe,3,6847.83,0.05,,,4.0,,N
Xe,1,6848.82,0.01,,,50.0,,Y
Xe,3,6850.12,0.05,,,1.0,,N
Xe,1,6850.13,0.01,,,30.0,,Y
Xe,3,6858.44,0.05,,,0.0,,N
Xe,1,6860.19,0.01,,,40.0,,Y
Xe,1,6863.2,0.01,,,20.0,,Y
Xe,1,6865.58,0.01,,,5.0,,Y
Xe,1,6866.838,0.002,,,50.0,,Y
Xe,1,6872.107,0.002,,,100.0,,Y
Xe,1,6882.155,0.002,,,300.0,,Y
Xe,3,6895.69,0.05,,,0.0,,N
Xe,2,6910.22,0.1,,,100.0,,N
Xe,1,6910.82,0.01,B+,,30.0,,Y
Xe,3,6918.74,0.05,,,0.0,,N
Xe,1,6922.22,0.01,D+,,8.0,,Y
Xe,1,6924.67,0.01,,,15.0,,Y
Xe,1,6925.53,0.01,,,100.0,,Y
Xe,1,6935.62,0.01,,,50.0,,Y
Xe,1,6936.69,0.01,,,8.0,,Y
Xe,1,6949.76,0.01,,,-99.0,--,Y
Xe,3,6949.93,0.05,,,100.0,()H,N
Xe,1,6961.1,0.2,,,20.0,,Y
Xe,1,6976.182,0.002,,,100.0,,Y
Xe,1,6982.05,0.01,,,30.0,,Y
Xe,2,6990.88,0.1,,,2000.0,,N
Xe,1,6991.65,0.01,,,1.0,,Y
Xe,1,7003.1,0.01,,,4.0,,Y
Xe,2,7003.96,0.1,,,50.0,,N
Xe,2,7017.06,0.1,,,80.0,,N
Xe,1,7019.02,0.01,C,,30.0,,Y
Xe,1,7034.8,0.01,,,3.0,,Y
Xe,1,7035.53,0.01,B+,,20.0,,Y
Xe,3,7043.99,0.05,,,20.0,h,N
Xe,1,7047.37,0.01,B+,,30.0,*,Y
Xe,1,7047.37,0.01,,,30.0,*,Y
Xe,1,7049.07,0.01,,,1.0,h,N
Xe,3,7049.35,0.05,,,4.0,h,N
Xe,1,7049.36,0.01,,,1.0,h,N
Xe,1,7051.06,0.01,,,3.0,,N
Xe,2,7052.57,0.1,,,3.0,Hw,N
Xe,2,7072.43,0.1,,,4.0,Hw,N
Xe,1,7072.44,0.2,,,30.0,,Y
Xe,2,7075.0,1.0,,,2.0,Hs,N
Xe,1,7078.46,0.01,,,1.0,,Y
Xe,2,7082.15,0.1,,,200.0,,N
Xe,2,7094.7,1.0,,,1.0,Hw,N
Xe,2,7100.8,1.0,,,5.0,h^,N
Xe,1,7119.598,0.002,,,500.0,,Y
Xe,3,7127.3,0.05,,,10.0,()Hw,N
Xe,2,7133.27,0.1,,,10.0,,N
Xe,1,7136.57,0.01,,,15.0,,Y
Xe,2,7147.5,0.1,,,100.0,H,N
Xe,2,7149.03,0.1,,,300.0,h,N
Xe,2,7164.83,0.1,,,800.0,h,N
Xe,1,7172.7,0.01,,,10.0,,Y
Xe,3,7174.94,0.05,,,8.0,h,N
Xe,3,7185.93,0.05,,,8.0,,N
Xe,1,7192.42,0.2,,,4.0,,Y
Xe,1,7200.79,0.01,,,15.0,,Y
Xe,1,7209.14,0.01,,,5.0,,Y
Xe,2,7215.97,0.1,,,20.0,h,N
Xe,1,7220.24,0.01,,,1.0,,Y
Xe,1,7222.64,0.2,,,20.0,,Y
Xe,1,7238.2,0.01,,,3.0,,Y
Xe,1,7244.94,0.01,,,20.0,*,Y
Xe,1,7244.94,0.01,,,20.0,*,Y
Xe,2,7245.38,0.1,,,2.0,h,N
Xe,1,7249.92,0.01,,,2.0,,Y
Xe,1,7250.87,0.01,,,5.0,h,Y
Xe,1,7257.94,0.01,,,60.0,,Y
Xe,2,7258.6,1.0,,,2.0,H*,N
Xe,2,7258.6,1.0,,,2.0,H*,N
Xe,1,7262.54,0.01,,,20.0,,Y
Xe,1,7266.49,0.01,,,25.0,,Y
Xe,2,7279.75,0.1,,,4.0,Hws*,N
Xe,2,7279.75,0.1,,,4.0,Hws*,N
Xe,1,7283.961,0.002,,,40.0,,Y
Xe,2,7284.34,0.1,,,100.0,,N
Xe,1,7285.301,0.002,,,60.0,,Y
Xe,3,7298.99,0.05,,,2.0,h,N
Xe,2,7301.8,0.1,,,200.0,,N
Xe,1,7307.37,0.01,,,5.0,h,Y
Xe,3,7311.15,0.05,,,10.0,()h*,N
Xe,3,7311.15,0.05,,,10.0,()h*,N
Xe,1,7313.01,0.01,,,1.0,h,Y
Xe,1,7316.272,0.002,,,70.0,,Y
Xe,1,7316.87,0.01,C+,,20.0,,Y
Xe,1,7319.94,0.01,,,15.0,,Y
Xe,1,7321.452,0.002,,,80.0,,Y
Xe,1,7323.05,0.01,,,2.0,,Y
Xe,1,7336.48,0.002,,,50.0,,Y
Xe,2,7339.3,0.1,,,300.0,h,N
Xe,2,7343.37,0.1,,,30.0,Hw,N
Xe,3,7353.0,0.05,,,5.0,()Hw,N
Xe,1,7355.58,0.01,,,40.0,,Y
Xe,2,7378.38,0.1,,,30.0,,N
Xe,1,7382.57,0.2,,,30.0,,Y
Xe,1,7386.003,0.002,B+,,100.0,,Y
Xe,1,7393.793,0.002,,,150.0,,Y
Xe,1,7400.41,0.01,,,30.0,,Y
Xe,2,7400.5,1.0,,,4.0,h,N
Xe,1,7404.51,0.01,,,12.0,,Y
Xe,1,7405.77,0.01,,,3.0,,Y
Xe,2,7410.14,0.1,,,4.0,Hw,N
Xe,1,7424.05,0.01,,,20.0,,Y
Xe,1,7441.94,0.01,C,,20.0,,Y
Xe,3,7449.0,0.1,,,4.0,,N
Xe,1,7451.0,0.01,,,25.0,,Y
Xe,2,7458.0,1.0,,,2.0,H,N
Xe,3,7460.82,0.05,,,30.0,H,N
Xe,2,7472.0,1.0,,,1.0,-,N
Xe,1,7472.01,0.01,,,40.0,,Y
Xe,1,7474.01,0.01,,,25.0,,Y
Xe,1,7492.23,0.01,,,20.0,,Y
Xe,2,7495.36,0.1,,,50.0,,N
Xe,1,7501.13,0.01,,,20.0,,Y
Xe,2,7503.0,0.1,,,3.0,h,N
Xe,2,7508.6,1.0,,,1.0,H*,N
Xe,2,7508.6,1.0,,,1.0,H*,N
Xe,1,7514.54,0.01,,,8.0,,Y
Xe,1,7514.96,0.01,C,,3.0,,Y
Xe,2,7530.7,0.1,,,50.0,,N
Xe,2,7548.45,0.1,,,300.0,,N
Xe,1,7559.79,0.01,,,40.0,,Y
Xe,1,7570.93,0.01,,,6.0,,Y
Xe,1,7584.29,0.01,,,10.0,,Y
Xe,1,7584.68,0.002,,,200.0,,Y
Xe,1,7589.61,0.01,,,6.0,,Y
Xe,1,7594.36,0.01,,,1.0,,Y
Xe,2,7594.6,1.0,,,1.0,H,N
Xe,1,7600.77,0.01,,,10.0,,Y
Xe,1,7604.97,0.01,,,2.0,h,Y
Xe,1,7608.46,0.01,,,5.0,,Y
Xe,1,7609.82,0.01,,,3.0,,Y
Xe,2,7618.57,0.1,,,100.0,,N
Xe,1,7642.024,0.002,C+,,500.0,,Y
Xe,1,7642.3,0.01,,,-99.0,--,Y
Xe,1,7643.91,0.01,,,100.0,,Y
Xe,3,7653.84,0.05,,,5.0,h,N
Xe,1,7664.02,0.01,,,10.0,,Y
Xe,1,7664.56,0.01,,,30.0,,Y
Xe,1,7666.61,0.01,,,10.0,,Y
Xe,2,7670.66,0.1,,,200.0,,N
Xe,1,7670.81,0.01,,,1.0,,Y
Xe,2,7712.42,0.1,,,30.0,,N
Xe,1,7740.31,0.01,,,40.0,,Y
Xe,1,7762.15,0.2,,,4.0,,Y
Xe,2,7772.12,0.1,,,20.0,hl,N
Xe,3,7777.1,0.05,,,10.0,(),N
Xe,1,7783.66,0.01,,,50.0,,Y
Xe,2,7787.04,0.1,,,100.0,,N
Xe,1,7789.42,0.01,,,15.0,,Y
Xe,3,7790.5,0.05,,,1.0,(),N
Xe,1,7790.53,0.01,,,1.0,,Y
Xe,1,7802.651,0.002,B+,,100.0,,Y
Xe,1,7804.64,0.2,,,10.0,,Y
Xe,2,7805.8,1.0,,,1.0,,N
Xe,1,7825.55,0.2,,,30.0,,Y
Xe,2,7826.1,1.0,,,2.0,,N
Xe,1,7832.98,0.01,,,10.0,,Y
Xe,1,7841.23,0.01,,,15.0,,Y
Xe,2,7862.7,1.0,,,3.0,,N
Xe,1,7881.32,0.002,B+,,100.0,,Y
Xe,2,7882.71,0.1,,,20.0,*,N
Xe,2,7882.71,0.1,,,20.0,*,N
Xe,1,7887.393,0.002,C+,,300.0,,Y
Xe,2,7889.4,1.0,,,50.0,h,N
Xe,2,7892.6,1.0,,,8.0,h,N
Xe,2,7897.7,1.0,,,5.0,Hs,N
Xe,3,7902.9,0.05,,,4.0,(),N
Xe,2,7920.48,0.1,,,10.0,Hw,N
Xe,1,7937.41,0.01,,,40.0,,Y
Xe,1,7954.22,0.01,,,4.0,,Y
Xe,1,7967.342,0.002,D+,,500.0,,Y
Xe,1,7976.03,0.01,,,8.0,,Y
Xe,2,7976.4,1.0,,,3.0,Hw*,N
Xe,2,7976.4,1.0,,,3.0,Hw*,N
Xe,2,7987.99,0.1,,,40.0,,N
Xe,2,7991.5,1.0,,,5.0,H*,N
Xe,2,7991.5,1.0,,,5.0,H*,N
Xe,2,8001.95,0.1,,,10.0,hs,N
Xe,1,8003.26,0.01,,,10.0,,Y
Xe,2,8005.8,1.0,,,2.0,,N
Xe,2,8008.45,0.1,,,300.0,h,N
Xe,1,8009.59,0.2,,,30.0,,Y
Xe,2,8014.26,0.1,,,50.0,hs,N
Xe,3,8020.07,0.05,,,5.0,()bl,N
Xe,2,8020.07,0.1,,,5.0,,N
Xe,1,8029.67,0.01,,,100.0,*,Y
Xe,1,8029.67,0.01,,,100.0,*,Y
Xe,2,8031.64,0.1,,,100.0,h,N
Xe,2,8035.4,0.1,,,20.0,h,N
Xe,2,8038.26,0.1,,,100.0,h,N
Xe,3,8038.26,0.05,,,100.0,()hbl,N
Xe,1,8040.56,0.01,,,10.0,,Y
Xe,1,8042.18,0.01,,,15.0,,Y
Xe,3,8047.28,0.05,,,20.0,()h,N
Xe,1,8057.258,0.002,,,200.0,,Y
Xe,1,8061.339,0.002,B+,,150.0,,Y
Xe,1,8064.94,0.01,,,2.0,,Y
Xe,1,8073.99,0.01,,,1.0,,Y
Xe,2,8080.31,0.1,,,50.0,hs,N
Xe,1,8097.24,0.01,,,3.0,,Y
Xe,1,8101.98,0.01,,,100.0,,Y
Xe,1,8107.91,0.01,,,6.0,,Y
Xe,1,8109.46,0.01,,,15.0,,Y
Xe,2,8115.94,0.1,,,50.0,h*,N
Xe,2,8115.94,0.1,,,50.0,h*,N
Xe,1,8118.29,0.01,,,15.0,,Y
Xe,1,8123.29,0.01,,,2.0,,Y
Xe,2,8136.83,0.1,,,30.0,h,N
Xe,2,8142.6,1.0,,,5.0,H,N
Xe,2,8151.8,0.1,,,100.0,,N
Xe,1,8165.37,0.01,,,2.0,,Y
Xe,1,8171.02,0.01,,,100.0,,Y
Xe,1,8182.93,0.01,,,1.0,-,Y
Xe,1,8196.73,0.01,,,2.0,,Y
Xe,1,8206.336,0.002,C,,700.0,,Y
Xe,2,8214.85,0.1,,,20.0,,N
Xe,1,8231.6336,0.0005,B+,,10000.0,hfs,Y
Xe,3,8239.3,0.05,,,2.0,()h,N
Xe,2,8262.73,0.1,,,30.0,h,N
Xe,1,8266.52,0.002,C+,,500.0,,Y
Xe,1,8280.1162,0.0005,,,7000.0,,Y
Xe,2,8285.7,0.1,,,15.0,h,N
Xe,2,8297.55,0.1,,,100.0,h,N
Xe,1,8297.71,0.01,,,15.0,,Y
Xe,2,8316.2,1.0,,,10.0,Hw,N
Xe,1,8323.9,0.01,,,2.0,,Y
Xe,1,8324.58,0.01,,,20.0,,Y
Xe,2,8329.44,0.1,,,30.0,Hw,N
Xe,2,8339.1,1.0,,,1.0,,N
Xe,1,8346.8217,0.0005,C+,,2000.0,,Y
Xe,2,8347.24,0.1,,,100.0,,N
Xe,1,8347.45,0.01,C+,,60.0,,Y
Xe,1,8349.05,0.01,,,40.0,,Y
Xe,2,8351.3,1.0,,,3.0,*,N
Xe,2,8351.3,1.0,,,3.0,*,N
Xe,1,8371.38,0.01,,,3.0,,Y
Xe,1,8372.79,0.01,,,5.0,,Y
Xe,2,8378.3,1.0,,,5.0,h,N
Xe,1,8392.37,0.01,,,20.0,,Y
Xe,1,8402.03,0.01,,,5.0,,Y
Xe,1,8409.1894,0.0005,B+,,2000.0,,Y
Xe,1,8437.55,0.01,C,,10.0,,Y
Xe,1,8450.37,0.01,,,1.0,h,Y
Xe,2,8465.7,1.0,,,2.0,h,N
Xe,2,8467.8,1.0,,,1.0,-,N
Xe,1,8469.55,0.2,,,10.0,,Y
Xe,2,8482.64,0.1,,,5.0,h,N
Xe,1,8501.02,0.01,,,1.0,,Y
Xe,2,8515.19,0.1,,,50.0,Hw,N
Xe,1,8522.55,0.01,D+,,30.0,,Y
Xe,1,8530.1,0.01,B+,,30.0,,Y
Xe,1,8553.97,0.01,,,2.0,,Y
Xe,1,8559.36,0.2,,,4.0,,Y
Xe,1,8564.7,0.1,,,1.0,-,Y
Xe,2,8565.1,1.0,,,1.0,h,N
Xe,2,8566.7,1.0,,,2.0,h,N
Xe,1,8576.01,0.01,,,200.0,,Y
Xe,2,8584.0,1.0,,,1.0,,N
Xe,2,8604.23,0.1,,,50.0,Hw,N
Xe,1,8624.24,0.01,B+,,80.0,,Y
Xe,2,8628.94,0.1,,,25.0,h,N
Xe,1,8648.54,0.01,D+,,250.0,,Y
Xe,1,8692.2,0.01,,,100.0,,Y
Xe,1,8696.86,0.01,,,200.0,,Y
Xe,1,8709.64,0.01,,,40.0,,Y
Xe,1,8711.54,0.01,,,2.0,,Y
Xe,2,8716.19,0.1,,,50.0,h,N
Xe,1,8739.372,0.002,,,300.0,,Y
Xe,2,8752.14,0.1,,,7.0,H,N
Xe,1,8758.2,0.01,,,100.0,,Y
Xe,2,8760.14,0.1,,,6.0,H,N
Xe,2,8785.88,0.1,,,4.0,Hw,N
Xe,2,8796.92,0.1,,,2.0,h,N
Xe,2,8804.61,0.1,,,30.0,*,N
Xe,2,8804.61,0.1,,,30.0,*,N
Xe,1,8819.4106,0.0005,A+,,5000.0,,Y
Xe,1,8851.44,0.01,,,1.0,,Y
Xe,2,8855.74,0.1,,,5.0,H,N
Xe,1,8862.32,0.01,,,300.0,,Y
Xe,3,8869.4,0.05,,,2.0,()H,N
Xe,1,8885.71,0.01,,,10.0,,Y
Xe,2,8896.7,1.0,,,1.0,h-,N
Xe,2,8902.66,0.1,,,5.0,H,N
Xe,1,8908.73,0.01,,,200.0,,Y
Xe,1,8930.83,0.01,C,,200.0,,Y
Xe,1,8952.2509,0.0005,C+,,1000.0,,Y
Xe,1,8952.78,0.01,D,,50.0,,Y
Xe,1,8981.05,0.01,,,100.0,,Y
Xe,1,8987.57,0.01,,,200.0,,Y
Xe,2,9017.8,1.0,,,1.0,,N
Xe,1,9025.98,0.02,,,30.0,,Y
Xe,1,9032.18,0.02,,,50.0,,Y
Xe,1,9045.4466,0.0005,B+,,400.0,,Y
Xe,1,9096.13,0.02,,,50.0,,Y
Xe,2,9106.24,0.1,,,1.0,,N
Xe,1,9112.24,0.02,,,4.0,,Y
Xe,1,9131.59,0.02,,,3.0,,Y
Xe,1,9141.8,0.1,,,2.0,,Y
Xe,1,9152.12,0.02,,,20.0,,Y
Xe,1,9162.652,0.0005,C+,,500.0,,Y
Xe,1,9167.52,0.02,,,100.0,,Y
Xe,2,9193.8,1.0,,,2.0,h,N
Xe,1,9197.18,0.02,,,2.0,,Y
Xe,1,9203.2,0.02,,,30.0,,Y
Xe,1,9211.38,0.02,,,25.0,,Y
Xe,1,9216.51,0.02,,,1.0,,Y
Xe,1,9222.39,0.02,,,5.0,,Y
Xe,2,9226.39,0.1,,,7.0,h,N
Xe,1,9245.18,0.02,B+,,3.0,,Y
Xe,2,9259.6,0.1,,,1.0,h,N
Xe,2,9265.67,0.1,,,10.0,h,N
Xe,2,9288.4,1.0,,,5.0,H,N
Xe,1,9301.95,0.02,,,30.0,,Y
Xe,2,9304.77,0.1,,,1.0,h,N
Xe,1,9306.64,0.02,D+,,40.0,,Y
Xe,2,9331.67,0.1,,,4.0,h,N
Xe,1,9334.08,0.02,,,3.0,,Y
Xe,1,9374.02,0.02,,,10.0,,Y
Xe,1,9374.76,0.02,,,100.0,,Y
Xe,2,9400.59,0.1,,,15.0,h,N
Xe,1,9412.01,0.02,,,60.0,,Y
Xe,1,9441.46,0.02,,,20.0,,Y
Xe,1,9442.68,0.02,,,20.0,,Y
Xe,1,9445.34,0.02,,,80.0,,Y
Xe,2,9447.6,1.0,,,1.0,,N
Xe,2,9475.23,0.1,,,3.0,h,N
Xe,1,9497.07,0.02,,,40.0,,Y
Xe,1,9505.78,0.02,,,10.0,,Y
Xe,1,9513.377,0.002,,,200.0,,Y
Xe,1,9585.14,0.02,,,20.0,,Y
Xe,2,9591.35,0.1,,,50.0,h,N
Xe,2,9604.5,0.1,,,7.0,h,N
Xe,1,9605.8,0.02,,,3.0,,Y
Xe,2,9615.71,0.1,,,4.0,h,N
Xe,1,9616.95,0.02,,,1.0,,Y
Xe,1,9668.94,0.02,,,1.0,,Y
Xe,2,9671.6,1.0,,,1.0,h-,N
Xe,1,9685.32,0.02,,,150.0,,Y
Xe,2,9698.68,0.1,,,50.0,hl,N
Xe,1,9700.99,0.02,,,20.0,,Y
Xe,1,9710.03,0.02,,,2.0,,Y
Xe,1,9718.16,0.02,,,100.0,,Y
Xe,2,9774.8,1.0,,,1.0,h,N
Xe,1,9799.697,0.002,B+,,2000.0,,Y
Xe,2,9837.8,1.0,,,2.0,h,N
Xe,1,9923.198,0.002,B+,,3000.0,,Y
Xe,1,9966.58,0.02,,,10.0,,Y
Xe,1,10023.72,0.02,,,50.0,*,Y
Xe,1,10023.72,0.02,,,50.0,*,Y
Xe,1,10056.84,0.02,,,1.0,,Y
Xe,1,10057.96,0.02,,,5.0,,Y
Xe,1,10060.96,0.02,,,10.0,,Y
Xe,1,10084.79,0.02,,,20.0,,Y
Xe,1,10107.34,0.02,,,80.0,,Y
Xe,1,10119.8,0.1,,,1.0,,Y
Xe,1,10125.47,0.02,,,20.0,,Y
Xe,1,10188.36,0.02,,,10.0,,Y
Xe,2,10220.8,1.0,,,3.0,h,N
Xe,1,10251.07,0.02,,,20.0,,Y
Xe,1,10323.9,0.2,,,20.0,,Y
Xe,1,10420.52,0.02,,,1.0,,Y
Xe,1,10484.83,0.02,,,8.0,,Y
Xe,1,10507.91,0.02,,,6.0,,Y
Xe,1,10515.15,0.02,,,10.0,,Y
Xe,1,10527.857,0.003,,,900.0,,Y
Xe,1,10549.76,0.03,,,20.0,,Y
Xe,1,10706.78,0.03,,,150.0,,Y
Xe,1,10758.86,0.03,,,100.0,,Y
Xe,1,10838.34,0.03,C+,,1000.0,,Y
Xe,1,10895.324,0.004,,,870.0,,Y
Xe,2,10914.31,0.1,,,-99.0,--,N
Xe,1,11085.237,0.004,,,1900.0,,Y
Xe,2,11116.69,0.1,,,-99.0,--,N
Xe,1,11127.189,0.004,,,375.0,,Y
Xe,1,11130.81,0.03,,,8.0,,Y
Xe,1,11141.145,0.004,D+,,120.0,,Y
Xe,1,11162.67,0.03,,,10.0,,Y
Xe,1,11175.5,0.1,,,1.0,,Y
Xe,1,11214.89,0.03,,,5.0,,Y
Xe,1,11289.1,0.03,,,10.0,,Y
Xe,1,11309.56,0.03,,,5.0,,Y
Xe,1,11415.04,0.03,D+,,15.0,,Y
Xe,1,11491.22,0.03,,,15.0,,Y
Xe,1,11537.4,0.1,,,1.0,,Y
Xe,1,11614.08,0.03,,,25.0,,Y
Xe,1,11742.236,0.004,,,1750.0,,Y
Xe,1,11793.56,0.03,,,10.0,,Y
Xe,1,11857.31,0.03,,,6.0,,Y
Xe,1,11857.86,0.03,,,2.0,,Y
Xe,1,11874.36,0.03,,,1.0,,Y
Xe,1,11912.1,0.03,,,2.0,,Y
Xe,1,11951.1,0.1,D,,1.0,,Y
Xe,1,11953.0,0.03,D,,3.0,,Y
Xe,1,12084.8,0.03,,,3.0,,Y
Xe,1,12203.54,0.5,,,5.0,,Y
Xe,1,12235.24,0.03,C+,,5.0,,Y
Xe,1,12257.81,0.03,D+,,1.0,,Y
Xe,1,12272.88,0.5,,,2.0,,Y
Xe,1,12409.1,,,,20.0,:,Y
Xe,1,12451.21,0.1,,,2.0,,Y
Xe,1,12590.0,0.1,D+,,26.0,,Y
Xe,1,12623.4,0.03,B+,,5.0,,Y
Xe,1,13331.9,,,,75.0,:,Y
Xe,1,13470.8,,,,5.0,:,Y
Xe,1,13543.16,0.1,,,5.0,,Y
Xe,1,13656.48,0.1,B+,,150.0,,Y
Xe,1,13814.4,,,,10.0,:,Y
Xe,1,13919.6,,,,15.0,:,Y
